datetime,value
2022-01-31T18:10:34.266Z,0.61
2022-01-31T18:34:16.053Z,0.59
2022-01-31T18:44:59.536Z,0.59
2022-01-31T19:02:49.528Z,0.58
2022-01-31T19:07:57.070Z,0.56
2022-01-31T19:39:28.390Z,0.48
2022-01-31T19:41:34.624Z,0.39
2022-01-31T19:42:15.397Z,0.38
2022-01-31T20:02:47.163Z,0.32
2022-01-31T20:25:47.942Z,0.26
2022-01-31T20:42:05.843Z,0.24
2022-01-31T21:02:36.638Z,0.19
2022-01-31T21:23:55.798Z,0.14
2022-01-31T21:42:09.888Z,0.12
2022-01-31T22:02:55.272Z,0.13
2022-01-31T22:24:57.373Z,0.12
2022-01-31T22:42:05.116Z,0.12
2022-01-31T23:03:04.150Z,0.12
2022-01-31T23:25:11.533Z,0
2022-01-31T23:42:05.992Z,0
2022-02-01T07:02:52.361Z,0
2022-02-01T07:24:25.171Z,0
2022-02-01T07:42:03.622Z,0
2022-02-01T08:03:01.716Z,0.01
2022-02-01T08:27:29.636Z,0
2022-02-01T08:43:51.794Z,0.01
2022-02-01T09:03:04.278Z,0.03
2022-02-01T09:25:33.189Z,0.11
2022-02-01T09:42:08.596Z,0.13
2022-02-01T10:03:01.175Z,0.15
2022-02-01T10:26:33.406Z,0.22
2022-02-01T10:42:36.762Z,0.22
2022-02-01T11:02:44.130Z,0.19
2022-02-01T11:24:29.755Z,0.15
2022-02-01T11:42:10.491Z,0.15
2022-02-01T12:03:21.690Z,0.18
2022-02-01T12:29:41.889Z,0.23
2022-02-01T12:48:51.003Z,0.26
2022-02-01T13:05:23.502Z,0.26
2022-02-01T13:26:11.099Z,0.22
2022-02-01T13:42:10.044Z,0.31
2022-02-01T14:02:50.902Z,0.3
2022-02-01T14:24:11.950Z,0.31
2022-02-01T14:42:10.782Z,0.32
2022-02-01T15:03:05.256Z,0.32
2022-02-01T15:26:20.254Z,0.34
2022-02-01T15:43:50.134Z,0.29
2022-02-01T16:02:54.682Z,0.3
2022-02-01T16:29:40.243Z,0.38
2022-02-01T16:50:33.997Z,0.45
2022-02-01T17:05:13.832Z,0.46
2022-02-01T17:26:48.603Z,0.5
2022-02-01T17:42:35.060Z,0.55
2022-02-01T18:03:13.317Z,0.62
2022-02-01T18:27:28.948Z,0.68
2022-02-01T18:44:26.329Z,0.64
2022-02-01T19:02:57.167Z,0.6
2022-02-01T19:23:03.364Z,0.56
2022-02-01T19:42:22.603Z,0.51
2022-02-01T20:02:55.010Z,0.44
2022-02-01T20:25:37.505Z,0.37
2022-02-01T20:42:08.118Z,0.32
2022-02-01T21:02:48.196Z,0.26
2022-02-01T21:24:45.771Z,0.17
2022-02-01T21:42:08.855Z,0.17
2022-02-01T22:03:04.479Z,0.17
2022-02-01T22:25:17.395Z,0.16
2022-02-01T22:42:08.387Z,0.16
2022-02-01T23:03:05.895Z,0.16
2022-02-01T23:25:16.849Z,0
2022-02-01T23:42:06.765Z,0
2022-02-02T07:02:48.893Z,0.02
2022-02-02T07:24:18.050Z,0.04
2022-02-02T07:42:16.250Z,0.05
2022-02-02T08:03:08.372Z,0.06
2022-02-02T08:27:13.096Z,0.07
2022-02-02T08:43:28.650Z,0.08
2022-02-02T09:02:53.977Z,0.11
2022-02-02T09:25:09.891Z,0.14
2022-02-02T09:42:08.880Z,0.17
2022-02-02T10:02:50.568Z,0.15
2022-02-02T10:26:20.620Z,0.15
2022-02-02T10:42:31.649Z,0.17
2022-02-02T11:02:56.401Z,0.12
2022-02-02T11:23:56.381Z,0.14
2022-02-02T11:42:06.848Z,0.15
2022-02-02T12:03:06.547Z,0.14
2022-02-02T12:29:37.115Z,0.15
2022-02-02T12:48:33.252Z,0.15
2022-02-02T13:05:18.472Z,0.15
2022-02-02T13:26:08.173Z,0.17
2022-02-02T13:42:11.515Z,0.17
2022-02-02T14:02:49.719Z,0.17
2022-02-02T14:24:03.288Z,0.22
2022-02-02T14:42:20.133Z,0.24
2022-02-02T15:04:18.174Z,0.29
2022-02-02T15:26:10.899Z,0.3
2022-02-02T15:43:44.577Z,0.32
2022-02-02T16:03:03.928Z,0.38
2022-02-02T16:29:24.968Z,0.45
2022-02-02T16:49:46.538Z,0.54
2022-02-02T17:04:28.369Z,0.56
2022-02-02T17:26:24.319Z,0.7
2022-02-02T17:42:08.034Z,0.76
2022-02-02T18:02:56.258Z,0.75
2022-02-02T18:27:07.445Z,0.79
2022-02-02T18:44:18.972Z,0.79
2022-02-02T19:02:46.161Z,0.74
2022-02-02T19:22:36.427Z,0.68
2022-02-02T19:42:07.239Z,0.64
2022-02-02T20:02:59.653Z,0.55
2022-02-02T20:25:55.483Z,0.47
2022-02-02T20:42:09.324Z,0.42
2022-02-02T21:02:48.454Z,0.37
2022-02-02T21:24:37.378Z,0.27
2022-02-02T21:42:07.071Z,0.25
2022-02-02T22:02:55.406Z,0.25
2022-02-02T22:25:04.274Z,0.25
2022-02-02T22:42:08.308Z,0.25
2022-02-02T23:02:54.653Z,0.25
2022-02-02T23:25:14.838Z,0
2022-02-02T23:42:05.309Z,0
2022-02-03T07:02:58.009Z,0
2022-02-03T07:24:33.239Z,0.01
2022-02-03T07:43:34.877Z,0.01
2022-02-03T08:03:10.036Z,0.01
2022-02-03T08:27:19.917Z,0.01
2022-02-03T08:44:48.449Z,0.01
2022-02-03T09:03:00.804Z,0
2022-02-03T09:25:28.044Z,0.06
2022-02-03T09:42:05.548Z,0.06
2022-02-03T10:02:54.902Z,0.08
2022-02-03T10:26:08.957Z,0.09
2022-02-03T10:42:25.192Z,0.09
2022-02-03T11:03:00.313Z,0.12
2022-02-03T11:23:39.008Z,0.1
2022-02-03T11:42:10.508Z,0.12
2022-02-03T12:03:01.050Z,0.12
2022-02-03T12:29:39.698Z,0.11
2022-02-03T12:49:03.488Z,0.11
2022-02-03T13:05:22.117Z,0.12
2022-02-03T13:25:57.524Z,0.14
2022-02-03T13:42:09.477Z,0.17
2022-02-03T14:02:57.900Z,0.18
2022-02-03T14:24:22.224Z,0.21
2022-02-03T14:42:12.985Z,0.2
2022-02-03T15:03:03.343Z,0.22
2022-02-03T15:25:46.500Z,0.28
2022-02-03T15:43:47.706Z,0.29
2022-02-03T16:03:00.949Z,0.3
2022-02-03T16:29:37.468Z,0.33
2022-02-03T16:50:01.674Z,0.39
2022-02-03T17:04:41.188Z,0.42
2022-02-03T17:26:33.220Z,0.5
2022-02-03T17:42:19.008Z,0.61
2022-02-03T18:03:12.642Z,0.68
2022-02-03T18:27:24.528Z,0.7
2022-02-03T18:44:26.830Z,0.68
2022-02-03T19:02:51.982Z,0.68
2022-02-03T19:23:02.174Z,0.62
2022-02-03T19:42:25.044Z,0.53
2022-02-03T20:03:02.263Z,0.42
2022-02-03T20:25:37.761Z,0.34
2022-02-03T20:42:05.598Z,0.28
2022-02-03T21:02:39.675Z,0.2
2022-02-03T21:23:59.808Z,0.15
2022-02-03T21:42:08.786Z,0.15
2022-02-03T22:03:05.471Z,0.15
2022-02-03T22:24:57.103Z,0.15
2022-02-03T22:42:12.382Z,0.15
2022-02-03T23:02:53.341Z,0.15
2022-02-03T23:23:32.160Z,0
2022-02-03T23:42:06.022Z,0
2022-02-04T07:02:40.885Z,0.01
2022-02-04T07:22:49.840Z,0.04
2022-02-04T07:42:10.825Z,0.06
2022-02-04T08:03:02.790Z,0.09
2022-02-04T08:25:11.042Z,0.13
2022-02-04T08:42:08.607Z,0.14
2022-02-04T09:02:53.735Z,0.14
2022-02-04T09:24:04.478Z,0.19
2022-02-04T09:42:06.308Z,0.2
2022-02-04T10:02:46.151Z,0.21
2022-02-04T10:24:21.922Z,0.2
2022-02-04T10:42:09.589Z,0.2
2022-02-04T11:02:43.318Z,0.2
2022-02-04T11:22:06.533Z,0.16
2022-02-04T11:42:12.943Z,0.14
2022-02-04T12:03:03.185Z,0.13
2022-02-04T12:28:40.634Z,0.15
2022-02-04T12:45:32.741Z,0.17
2022-02-04T13:02:47.671Z,0.19
2022-02-04T13:23:07.527Z,0.22
2022-02-04T13:42:05.961Z,0.25
2022-02-04T14:02:52.359Z,0.25
2022-02-04T14:22:40.759Z,0.25
2022-02-04T14:42:05.966Z,0.29
2022-02-04T15:03:07.585Z,0.29
2022-02-04T15:24:12.887Z,0.3
2022-02-04T15:42:09.000Z,0.32
2022-02-04T16:03:05.115Z,0.31
2022-02-04T16:28:26.020Z,0.27
2022-02-04T16:45:47.163Z,0.3
2022-02-04T17:04:37.631Z,0.31
2022-02-04T17:23:29.715Z,0.34
2022-02-04T17:42:15.815Z,0.39
2022-02-04T18:03:17.894Z,0.38
2022-02-04T18:25:04.375Z,0.41
2022-02-04T18:42:07.513Z,0.39
2022-02-04T19:02:44.690Z,0.4
2022-02-04T19:22:12.991Z,0.35
2022-02-04T19:42:13.905Z,0.33
2022-02-04T20:02:42.250Z,0.32
2022-02-04T20:23:50.927Z,0.27
2022-02-04T20:42:09.192Z,0.25
2022-02-04T21:02:58.168Z,0.21
2022-02-04T21:23:20.429Z,0.15
2022-02-04T21:42:09.734Z,0.15
2022-02-04T22:02:56.133Z,0.15
2022-02-04T22:23:29.274Z,0.15
2022-02-04T22:42:13.443Z,0.15
2022-02-04T23:03:01.504Z,0.15
2022-02-04T23:23:47.305Z,0
2022-02-04T23:42:12.834Z,0
2022-02-05T07:02:49.125Z,0
2022-02-05T07:22:41.997Z,0
2022-02-05T07:42:10.021Z,0
2022-02-05T08:03:00.264Z,0.01
2022-02-05T08:24:45.674Z,0.05
2022-02-05T08:42:02.825Z,0.12
2022-02-05T09:03:47.998Z,0.14
2022-02-05T09:24:01.880Z,0.15
2022-02-05T09:42:05.537Z,0.18
2022-02-05T10:02:47.524Z,0.21
2022-02-05T10:24:12.301Z,0.2
2022-02-05T10:42:07.645Z,0.22
2022-02-05T11:03:14.955Z,0.21
2022-02-05T11:22:04.686Z,0.21
2022-02-05T11:42:10.615Z,0.17
2022-02-05T12:03:01.205Z,0.16
2022-02-05T12:27:44.756Z,0.16
2022-02-05T12:44:44.712Z,0.15
2022-02-05T13:02:39.843Z,0.15
2022-02-05T13:22:25.003Z,0.19
2022-02-05T13:42:07.943Z,0.21
2022-02-05T14:02:48.770Z,0.22
2022-02-05T14:22:22.116Z,0.26
2022-02-05T14:42:06.946Z,0.25
2022-02-05T15:02:50.080Z,0.26
2022-02-05T15:24:20.479Z,0.24
2022-02-05T15:42:10.003Z,0.27
2022-02-05T16:04:05.451Z,0.29
2022-02-05T16:27:33.821Z,0.29
2022-02-05T16:45:29.073Z,0.27
2022-02-05T17:02:36.103Z,0.26
2022-02-05T17:23:28.655Z,0.24
2022-02-05T17:42:08.142Z,0.19
2022-02-05T18:02:37.806Z,0.18
2022-02-05T18:24:50.950Z,0.18
2022-02-05T18:42:02.719Z,0.18
2022-02-05T19:02:41.484Z,0.18
2022-02-05T19:22:10.295Z,0.18
2022-02-05T19:42:16.972Z,0.18
2022-02-05T20:02:39.947Z,0.18
2022-02-05T20:23:25.306Z,0.18
2022-02-05T20:42:07.732Z,0.18
2022-02-05T21:03:43.330Z,0.18
2022-02-05T21:23:04.853Z,0.18
2022-02-05T21:42:15.005Z,0.18
2022-02-05T22:03:49.792Z,0.18
2022-02-05T22:27:48.859Z,0.18
2022-02-05T22:57:28.393Z,0.18
2022-02-05T23:04:27.403Z,0.18
2022-02-05T23:33:29.372Z,0
2022-02-05T23:46:25.943Z,0
2022-02-06T07:02:47.545Z,0
2022-02-06T07:24:31.162Z,0
2022-02-06T07:42:15.874Z,0
2022-02-06T08:02:49.046Z,0.01
2022-02-06T08:26:27.822Z,0.07
2022-02-06T08:42:43.298Z,0.12
2022-02-06T09:02:56.968Z,0.16
2022-02-06T09:25:15.860Z,0.23
2022-02-06T09:42:02.561Z,0.25
2022-02-06T10:02:56.395Z,0.26
2022-02-06T10:25:55.752Z,0.26
2022-02-06T10:42:12.760Z,0.27
2022-02-06T11:02:41.416Z,0.25
2022-02-06T11:23:24.008Z,0.31
2022-02-06T11:42:06.685Z,0.36
2022-02-06T12:03:19.956Z,0.4
2022-02-06T12:29:21.973Z,0.44
2022-02-06T12:47:25.028Z,0.43
2022-02-06T13:03:48.771Z,0.43
2022-02-06T13:25:01.837Z,0.47
2022-02-06T13:42:15.039Z,0.45
2022-02-06T14:02:40.910Z,0.45
2022-02-06T14:24:15.353Z,0.43
2022-02-06T14:42:08.102Z,0.42
2022-02-06T15:02:42.026Z,0.42
2022-02-06T15:25:22.129Z,0.42
2022-02-06T15:42:46.654Z,0.39
2022-02-06T16:02:52.128Z,0.39
2022-02-06T16:29:15.769Z,0.36
2022-02-06T16:48:37.405Z,0.31
2022-02-06T17:03:03.236Z,0.29
2022-02-06T17:25:32.213Z,0.22
2022-02-06T17:42:12.794Z,0.2
2022-02-06T18:02:50.360Z,0.15
2022-02-06T18:26:44.636Z,0.15
2022-02-06T18:43:47.508Z,0.15
2022-02-06T19:02:38.921Z,0.15
2022-02-06T19:22:03.751Z,0.15
2022-02-06T19:42:10.924Z,0.15
2022-02-06T20:03:11.075Z,0.15
2022-02-06T20:25:17.080Z,0.15
2022-02-06T20:42:05.058Z,0.15
2022-02-06T21:02:40.572Z,0.15
2022-02-06T21:24:12.365Z,0.15
2022-02-06T21:42:06.834Z,0.15
2022-02-06T22:03:04.490Z,0.15
2022-02-06T22:25:03.987Z,0.15
2022-02-06T22:42:13.372Z,0.15
2022-02-06T23:02:43.783Z,0.15
2022-02-06T23:24:46.591Z,0
2022-02-06T23:42:15.115Z,0
2022-02-07T07:02:54.021Z,0
2022-02-07T07:24:34.431Z,0
2022-02-07T07:42:07.808Z,0
2022-02-07T08:03:04.881Z,0
2022-02-07T08:27:31.043Z,0
2022-02-07T08:43:49.437Z,0
2022-02-07T09:02:50.851Z,0.03
2022-02-07T09:25:36.034Z,0.13
2022-02-07T09:42:07.743Z,0.16
2022-02-07T10:03:05.268Z,0.17
2022-02-07T10:26:21.297Z,0.2
2022-02-07T10:42:31.988Z,0.21
2022-02-07T11:02:52.647Z,0.21
2022-02-07T11:23:44.609Z,0.17
2022-02-07T11:42:08.394Z,0.14
2022-02-07T12:03:11.910Z,0.14
2022-02-07T12:29:40.952Z,0.17
2022-02-07T12:49:01.367Z,0.2
2022-02-07T13:05:17.875Z,0.23
2022-02-07T13:26:11.794Z,0.21
2022-02-07T13:42:18.886Z,0.2
2022-02-07T14:03:04.637Z,0.23
2022-02-07T14:24:26.586Z,0.25
2022-02-07T14:42:19.699Z,0.27
2022-02-07T15:02:50.866Z,0.25
2022-02-07T15:25:58.799Z,0.24
2022-02-07T15:43:30.450Z,0.22
2022-02-07T16:03:12.366Z,0.24
2022-02-07T16:29:32.524Z,0.25
2022-02-07T16:50:01.765Z,0.34
2022-02-07T17:04:44.133Z,0.38
2022-02-07T17:25:31.836Z,0.45
2022-02-07T17:42:14.065Z,0.49
2022-02-07T18:03:12.331Z,0.54
2022-02-07T18:27:17.407Z,0.58
2022-02-07T18:43:45.299Z,0.58
2022-02-07T19:02:32.253Z,0.57
2022-02-07T19:22:05.009Z,0.53
2022-02-07T19:42:11.972Z,0.47
2022-02-07T20:02:51.774Z,0.4
2022-02-07T20:23:45.997Z,0.37
2022-02-07T20:42:09.473Z,0.33
2022-02-07T21:02:59.933Z,0.27
2022-02-07T21:24:13.629Z,0.17
2022-02-07T21:43:08.058Z,0.16
2022-02-07T22:03:08.283Z,0.14
2022-02-07T22:25:14.218Z,0.14
2022-02-07T22:42:05.760Z,0.14
2022-02-07T23:03:00.880Z,0.14
2022-02-07T23:25:29.578Z,0
2022-02-07T23:42:10.720Z,0
2022-02-08T07:03:01.105Z,0
2022-02-08T07:24:40.109Z,0
2022-02-08T07:42:11.145Z,0
2022-02-08T08:02:55.622Z,0
2022-02-08T08:27:09.433Z,0
2022-02-08T08:43:20.127Z,0.01
2022-02-08T09:03:05.916Z,0.02
2022-02-08T09:25:42.045Z,0.07
2022-02-08T09:42:11.767Z,0.09
2022-02-08T10:02:48.129Z,0.12
2022-02-08T10:26:32.419Z,0.14
2022-02-08T10:42:43.787Z,0.15
2022-02-08T11:02:42.851Z,0.17
2022-02-08T11:24:26.605Z,0.15
2022-02-08T11:42:12.521Z,0.16
2022-02-08T12:03:04.024Z,0.17
2022-02-08T12:29:35.194Z,0.12
2022-02-08T12:48:11.282Z,0.09
2022-02-08T13:04:47.671Z,0.1
2022-02-08T13:26:22.648Z,0.09
2022-02-08T13:42:12.277Z,0.09
2022-02-08T14:03:52.434Z,0.09
2022-02-08T14:24:34.530Z,0.1
2022-02-08T14:42:12.065Z,0.11
2022-02-08T15:02:50.933Z,0.12
2022-02-08T15:26:06.454Z,0.18
2022-02-08T15:43:37.461Z,0.22
2022-02-08T16:03:00.795Z,0.23
2022-02-08T16:29:25.496Z,0.26
2022-02-08T16:49:31.312Z,0.3
2022-02-08T17:04:26.951Z,0.38
2022-02-08T17:26:16.779Z,0.46
2022-02-08T17:42:10.816Z,0.51
2022-02-08T18:03:08.631Z,0.52
2022-02-08T18:26:30.391Z,0.52
2022-02-08T18:42:51.746Z,0.5
2022-02-08T19:02:45.896Z,0.49
2022-02-08T19:23:12.299Z,0.39
2022-02-08T19:42:07.404Z,0.35
2022-02-08T20:03:01.941Z,0.31
2022-02-08T20:25:36.911Z,0.25
2022-02-08T20:45:54.215Z,0.19
2022-02-08T21:02:47.351Z,0.17
2022-02-08T21:24:16.791Z,0.1
2022-02-08T21:42:08.698Z,0.1
2022-02-08T22:02:54.336Z,0.1
2022-02-08T22:25:01.797Z,0.1
2022-02-08T22:42:15.764Z,0.1
2022-02-08T23:02:51.856Z,0.1
2022-02-08T23:25:36.241Z,0
2022-02-08T23:42:08.978Z,0
2022-02-09T07:02:50.614Z,0.02
2022-02-09T07:24:43.502Z,0.04
2022-02-09T07:42:16.555Z,0.05
2022-02-09T08:03:27.579Z,0.05
2022-02-09T08:27:28.259Z,0.06
2022-02-09T08:43:49.442Z,0.06
2022-02-09T09:02:58.780Z,0.07
2022-02-09T09:25:25.885Z,0.07
2022-02-09T09:42:06.755Z,0.08
2022-02-09T10:03:15.337Z,0.09
2022-02-09T10:26:40.766Z,0.07
2022-02-09T10:42:35.225Z,0.07
2022-02-09T11:02:47.298Z,0.08
2022-02-09T11:23:51.132Z,0.09
2022-02-09T11:42:12.487Z,0.07
2022-02-09T12:03:07.492Z,0.08
2022-02-09T12:29:40.059Z,0.09
2022-02-09T12:49:06.733Z,0.1
2022-02-09T13:05:36.846Z,0.12
2022-02-09T13:26:36.170Z,0.13
2022-02-09T13:42:11.102Z,0.15
2022-02-09T14:02:52.022Z,0.14
2022-02-09T14:24:07.768Z,0.16
2022-02-09T14:42:20.068Z,0.18
2022-02-09T15:02:53.578Z,0.24
2022-02-09T15:26:15.272Z,0.23
2022-02-09T15:43:52.019Z,0.26
2022-02-09T16:03:00.054Z,0.3
2022-02-09T16:29:39.067Z,0.31
2022-02-09T16:50:15.081Z,0.39
2022-02-09T17:04:58.824Z,0.48
2022-02-09T17:26:38.088Z,0.56
2022-02-09T17:42:25.634Z,0.56
2022-02-09T18:03:06.306Z,0.62
2022-02-09T18:27:25.417Z,0.62
2022-02-09T18:44:26.678Z,0.63
2022-02-09T19:02:52.280Z,0.57
2022-02-09T19:22:29.739Z,0.53
2022-02-09T19:42:03.820Z,0.45
2022-02-09T20:03:01.597Z,0.34
2022-02-09T20:25:54.251Z,0.25
2022-02-09T20:42:10.263Z,0.2
2022-02-09T21:02:55.811Z,0.16
2022-02-09T21:24:36.621Z,0.12
2022-02-09T21:42:17.286Z,0.11
2022-02-09T22:02:49.657Z,0.11
2022-02-09T22:25:05.720Z,0.11
2022-02-09T22:42:10.012Z,0.11
2022-02-09T23:02:53.519Z,0.11
2022-02-09T23:25:07.805Z,0
2022-02-09T23:42:13.552Z,0
2022-02-10T07:02:47.997Z,0
2022-02-10T07:26:00.237Z,0
2022-02-10T07:42:08.016Z,0
2022-02-10T08:03:16.479Z,0
2022-02-10T08:27:01.285Z,0
2022-02-10T08:43:05.294Z,0
2022-02-10T09:02:54.685Z,0.02
2022-02-10T09:25:16.993Z,0.08
2022-02-10T09:42:08.616Z,0.08
2022-02-10T10:03:06.698Z,0.09
2022-02-10T10:26:37.869Z,0.12
2022-02-10T10:42:35.844Z,0.12
2022-02-10T11:03:14.570Z,0.14
2022-02-10T11:24:10.030Z,0.12
2022-02-10T11:42:11.015Z,0.12
2022-02-10T12:03:12.538Z,0.12
2022-02-10T12:29:39.776Z,0.09
2022-02-10T12:48:11.091Z,0.09
2022-02-10T13:04:36.700Z,0.09
2022-02-10T13:26:27.501Z,0.05
2022-02-10T13:42:18.121Z,0.06
2022-02-10T14:02:49.634Z,0.07
2022-02-10T14:24:35.425Z,0.1
2022-02-10T14:42:14.245Z,0.1
2022-02-10T15:02:58.178Z,0.12
2022-02-10T15:25:59.966Z,0.14
2022-02-10T15:43:30.777Z,0.16
2022-02-10T16:03:15.877Z,0.15
2022-02-10T16:29:23.776Z,0.21
2022-02-10T16:48:52.028Z,0.28
2022-02-10T17:03:26.267Z,0.35
2022-02-10T17:25:41.638Z,0.44
2022-02-10T17:42:06.508Z,0.52
2022-02-10T18:02:58.420Z,0.56
2022-02-10T18:29:08.412Z,0.57
2022-02-10T18:44:09.554Z,0.57
2022-02-10T19:02:41.428Z,0.54
2022-02-10T19:22:12.347Z,0.48
2022-02-10T19:42:16.688Z,0.42
2022-02-10T20:02:52.045Z,0.33
2022-02-10T20:25:39.972Z,0.27
2022-02-10T20:42:10.796Z,0.2
2022-02-10T21:03:11.830Z,0.15
2022-02-10T21:24:35.767Z,0.12
2022-02-10T21:42:08.882Z,0.12
2022-02-10T22:02:59.821Z,0.11
2022-02-10T22:24:35.216Z,0.11
2022-02-10T22:42:06.689Z,0.11
2022-02-10T23:03:08.151Z,0.11
2022-02-10T23:25:25.848Z,0
2022-02-10T23:42:14.723Z,0
2022-02-11T07:02:52.272Z,0.01
2022-02-11T07:24:24.383Z,0.02
2022-02-11T07:42:08.685Z,0.04
2022-02-11T08:02:51.537Z,0.05
2022-02-11T08:27:00.141Z,0.08
2022-02-11T08:43:09.494Z,0.12
2022-02-11T09:02:56.418Z,0.13
2022-02-11T09:25:26.618Z,0.15
2022-02-11T09:42:05.131Z,0.19
2022-02-11T10:03:00.400Z,0.2
2022-02-11T10:26:15.989Z,0.21
2022-02-11T10:42:20.260Z,0.22
2022-02-11T11:03:02.886Z,0.21
2022-02-11T11:23:52.344Z,0.22
2022-02-11T11:42:07.196Z,0.23
2022-02-11T12:03:04.006Z,0.22
2022-02-11T12:29:34.646Z,0.2
2022-02-11T12:47:50.818Z,0.22
2022-02-11T13:04:28.257Z,0.26
2022-02-11T13:25:41.991Z,0.31
2022-02-11T13:42:13.125Z,0.3
2022-02-11T14:03:00.022Z,0.32
2022-02-11T14:24:28.810Z,0.28
2022-02-11T14:42:08.831Z,0.27
2022-02-11T15:03:02.603Z,0.28
2022-02-11T15:25:55.069Z,0.28
2022-02-11T15:43:20.437Z,0.27
2022-02-11T16:03:16.204Z,0.24
2022-02-11T16:28:44.250Z,0.31
2022-02-11T16:46:28.003Z,0.34
2022-02-11T17:02:47.223Z,0.32
2022-02-11T17:25:15.809Z,0.32
2022-02-11T17:42:07.723Z,0.35
2022-02-11T18:02:50.800Z,0.34
2022-02-11T18:27:09.373Z,0.29
2022-02-11T18:44:11.327Z,0.3
2022-02-11T19:02:41.477Z,0.35
2022-02-11T19:22:24.794Z,0.36
2022-02-11T19:42:24.488Z,0.34
2022-02-11T20:02:57.953Z,0.31
2022-02-11T20:25:37.726Z,0.28
2022-02-11T20:42:05.274Z,0.25
2022-02-11T21:02:52.501Z,0.19
2022-02-11T21:24:13.475Z,0.16
2022-02-11T21:42:06.962Z,0.11
2022-02-11T22:03:08.490Z,0.11
2022-02-11T22:24:42.743Z,0.11
2022-02-11T22:42:06.901Z,0.11
2022-02-11T23:03:00.889Z,0.11
2022-02-11T23:25:01.296Z,0
2022-02-11T23:42:04.398Z,0
2022-02-12T07:02:50.078Z,0
2022-02-12T07:24:01.864Z,0
2022-02-12T07:42:12.218Z,0
2022-02-12T08:03:11.385Z,0.02
2022-02-12T08:26:54.847Z,0.04
2022-02-12T08:43:13.749Z,0.1
2022-02-12T09:02:50.920Z,0.12
2022-02-12T09:25:20.786Z,0.15
2022-02-12T09:42:02.469Z,0.15
2022-02-12T10:02:50.733Z,0.16
2022-02-12T10:25:32.572Z,0.2
2022-02-12T10:42:07.214Z,0.19
2022-02-12T11:02:59.938Z,0.21
2022-02-12T11:23:26.790Z,0.24
2022-02-12T11:42:10.975Z,0.24
2022-02-12T12:03:02.691Z,0.18
2022-02-12T12:29:25.831Z,0.19
2022-02-12T12:47:32.964Z,0.2
2022-02-12T13:03:45.569Z,0.22
2022-02-12T13:24:52.405Z,0.22
2022-02-12T13:42:06.928Z,0.22
2022-02-12T14:02:49.719Z,0.2
2022-02-12T14:23:57.625Z,0.2
2022-02-12T14:42:07.130Z,0.23
2022-02-12T15:02:44.300Z,0.2
2022-02-12T15:25:28.020Z,0.19
2022-02-12T15:42:48.024Z,0.24
2022-02-12T16:02:50.500Z,0.23
2022-02-12T16:29:07.681Z,0.24
2022-02-12T16:47:46.350Z,0.25
2022-02-12T17:02:45.846Z,0.25
2022-02-12T17:24:52.855Z,0.21
2022-02-12T17:42:05.664Z,0.15
2022-02-12T18:02:51.260Z,0.09
2022-02-12T18:26:53.636Z,0.09
2022-02-12T18:43:49.951Z,0.09
2022-02-12T19:02:41.603Z,0.09
2022-02-12T19:22:45.843Z,0.09
2022-02-12T19:42:15.160Z,0.09
2022-02-12T20:02:43.924Z,0.09
2022-02-12T20:25:26.755Z,0.09
2022-02-12T20:42:07.599Z,0.09
2022-02-12T21:02:38.322Z,0.09
2022-02-12T21:23:43.388Z,0.09
2022-02-12T21:42:07.382Z,0.09
2022-02-12T22:02:51.002Z,0.09
2022-02-12T22:24:39.285Z,0.09
2022-02-12T22:42:05.498Z,0.09
2022-02-12T23:03:00.183Z,0.09
2022-02-12T23:24:51.907Z,0
2022-02-12T23:42:06.914Z,0
2022-02-13T07:02:49.448Z,0
2022-02-13T07:24:17.903Z,0
2022-02-13T07:42:05.722Z,0
2022-02-13T08:03:04.384Z,0
2022-02-13T08:26:57.721Z,0.05
2022-02-13T08:42:55.119Z,0.1
2022-02-13T09:03:05.422Z,0.14
2022-02-13T09:25:14.529Z,0.15
2022-02-13T09:42:08.770Z,0.15
2022-02-13T10:03:02.733Z,0.14
2022-02-13T10:25:42.856Z,0.15
2022-02-13T10:42:05.729Z,0.15
2022-02-13T11:02:44.546Z,0.16
2022-02-13T11:23:42.420Z,0.17
2022-02-13T11:42:14.465Z,0.18
2022-02-13T12:03:02.394Z,0.2
2022-02-13T12:29:25.088Z,0.22
2022-02-13T12:47:29.742Z,0.25
2022-02-13T13:03:45.124Z,0.25
2022-02-13T13:24:55.252Z,0.29
2022-02-13T13:42:13.625Z,0.29
2022-02-13T14:03:02.106Z,0.29
2022-02-13T14:23:55.772Z,0.28
2022-02-13T14:42:10.205Z,0.3
2022-02-13T15:02:54.056Z,0.26
2022-02-13T15:25:52.322Z,0.25
2022-02-13T15:43:04.935Z,0.26
2022-02-13T16:03:07.124Z,0.24
2022-02-13T16:29:10.211Z,0.22
2022-02-13T16:47:57.070Z,0.22
2022-02-13T17:02:48.126Z,0.2
2022-02-13T17:24:42.672Z,0.19
2022-02-13T17:42:08.914Z,0.16
2022-02-13T18:03:09.892Z,0.14
2022-02-13T18:26:53.112Z,0.14
2022-02-13T18:43:49.404Z,0.14
2022-02-13T19:02:48.738Z,0.14
2022-02-13T19:22:03.106Z,0.14
2022-02-13T19:42:17.522Z,0.14
2022-02-13T20:02:51.114Z,0.14
2022-02-13T20:25:41.881Z,0.14
2022-02-13T20:42:05.704Z,0.14
2022-02-13T21:02:45.251Z,0.14
2022-02-13T21:24:12.750Z,0.14
2022-02-13T21:42:04.255Z,0.14
2022-02-13T22:02:56.417Z,0.14
2022-02-13T22:25:12.808Z,0.14
2022-02-13T22:42:08.557Z,0.14
2022-02-13T23:02:49.524Z,0.14
2022-02-13T23:24:57.514Z,0
2022-02-13T23:42:05.660Z,0
2022-02-14T07:02:48.574Z,0.01
2022-02-14T07:24:42.080Z,0.01
2022-02-14T07:42:07.180Z,0.01
2022-02-14T08:02:56.919Z,0.01
2022-02-14T08:27:29.920Z,0.01
2022-02-14T08:43:21.147Z,0.01
2022-02-14T09:03:13.814Z,0.02
2022-02-14T09:25:06.871Z,0.07
2022-02-14T09:42:06.176Z,0.08
2022-02-14T10:03:07.704Z,0.12
2022-02-14T10:26:24.671Z,0.1
2022-02-14T10:42:34.322Z,0.09
2022-02-14T11:02:44.972Z,0.14
2022-02-14T11:24:20.291Z,0.13
2022-02-14T11:42:10.525Z,0.13
2022-02-14T12:03:23.037Z,0.11
2022-02-14T12:29:47.098Z,0.15
2022-02-14T12:48:41.065Z,0.16
2022-02-14T13:04:55.825Z,0.17
2022-02-14T13:26:10.092Z,0.19
2022-02-14T13:42:06.847Z,NaN
2022-02-14T14:02:52.744Z,0.19
2022-02-14T14:24:30.101Z,0.18
2022-02-14T14:42:07.970Z,0.17
2022-02-14T15:02:51.535Z,0.19
2022-02-14T15:26:04.612Z,0.22
2022-02-14T15:43:18.623Z,0.22
2022-02-14T16:02:51.628Z,0.2
2022-02-14T16:29:10.720Z,0.22
2022-02-14T16:47:31.609Z,0.26
2022-02-14T17:02:59.122Z,0.29
2022-02-14T17:25:13.262Z,0.43
2022-02-14T17:42:11.551Z,0.42
2022-02-14T18:03:10.744Z,0.49
2022-02-14T18:27:09.867Z,0.5
2022-02-14T18:44:13.781Z,0.54
2022-02-14T19:03:05.252Z,0.51
2022-02-14T19:23:08.365Z,0.47
2022-02-14T19:42:10.991Z,0.37
2022-02-14T20:02:55.815Z,0.31
2022-02-14T20:25:35.025Z,0.29
2022-02-14T20:42:10.955Z,0.24
2022-02-14T21:02:52.227Z,0.19
2022-02-14T21:22:37.722Z,0.12
2022-02-14T21:42:13.511Z,0.09
2022-02-14T22:03:15.358Z,0.08
2022-02-14T22:25:21.354Z,0.08
2022-02-14T22:42:10.407Z,0.08
2022-02-14T23:03:06.769Z,0.08
2022-02-14T23:25:07.299Z,0
2022-02-14T23:42:11.043Z,0
2022-02-15T07:02:46.646Z,0
2022-02-15T07:24:26.635Z,0
2022-02-15T07:42:15.337Z,0
2022-02-15T08:03:03.124Z,0
2022-02-15T08:27:23.632Z,0
2022-02-15T08:43:19.135Z,0.01
2022-02-15T09:03:10.991Z,0.02
2022-02-15T09:25:22.053Z,0.07
2022-02-15T09:42:12.072Z,0.12
2022-02-15T10:02:59.550Z,0.17
2022-02-15T10:26:40.164Z,0.17
2022-02-15T10:42:36.091Z,0.17
2022-02-15T11:03:00.444Z,0.18
2022-02-15T11:23:48.932Z,0.14
2022-02-15T11:42:05.666Z,0.15
2022-02-15T12:03:17.505Z,0.15
2022-02-15T12:29:40.408Z,0.12
2022-02-15T12:48:42.676Z,0.15
2022-02-15T13:05:05.267Z,0.15
2022-02-15T13:26:04.853Z,0.16
2022-02-15T13:42:10.310Z,0.19
2022-02-15T14:02:53.130Z,0.17
2022-02-15T14:24:26.721Z,0.22
2022-02-15T14:42:12.034Z,0.23
2022-02-15T15:02:52.458Z,0.27
2022-02-15T15:24:34.198Z,0.25
2022-02-15T15:42:07.268Z,0.32
2022-02-15T16:03:12.464Z,0.32
2022-02-15T16:28:25.199Z,0.34
2022-02-15T16:46:55.177Z,0.39
2022-02-15T17:02:43.821Z,0.42
2022-02-15T17:24:59.063Z,0.53
2022-02-15T17:42:07.184Z,0.54
2022-02-15T18:02:57.644Z,0.67
2022-02-15T18:27:22.654Z,0.72
2022-02-15T18:44:07.367Z,0.76
2022-02-15T19:02:47.117Z,0.75
2022-02-15T19:22:12.098Z,0.69
2022-02-15T19:42:12.382Z,0.62
2022-02-15T20:02:51.335Z,0.56
2022-02-15T20:25:42.057Z,0.44
2022-02-15T20:42:11.376Z,0.33
2022-02-15T21:02:52.629Z,0.26
2022-02-15T21:24:18.119Z,0.25
2022-02-15T21:42:10.465Z,0.25
2022-02-15T22:02:59.884Z,0.25
2022-02-15T22:25:33.224Z,0.25
2022-02-15T22:42:08.702Z,0.25
2022-02-15T23:03:06.768Z,0.25
2022-02-15T23:25:29.167Z,0
2022-02-15T23:42:09.409Z,0
2022-02-16T07:03:00.211Z,0.02
2022-02-16T07:24:35.316Z,0.04
2022-02-16T07:42:11.071Z,0.05
2022-02-16T08:03:27.509Z,0.05
2022-02-16T08:27:03.435Z,0.11
2022-02-16T08:43:02.827Z,0.14
2022-02-16T09:03:03.852Z,0.15
2022-02-16T09:25:07.279Z,0.16
2022-02-16T09:42:07.996Z,0.19
2022-02-16T10:02:55.889Z,0.19
2022-02-16T10:27:04.837Z,0.16
2022-02-16T10:42:54.428Z,0.18
2022-02-16T11:03:08.076Z,0.16
2022-02-16T11:24:14.972Z,0.16
2022-02-16T11:42:08.377Z,0.17
2022-02-16T12:03:13.405Z,0.17
2022-02-16T12:29:39.452Z,0.17
2022-02-16T12:48:19.398Z,0.19
2022-02-16T13:04:55.778Z,0.25
2022-02-16T13:26:14.855Z,0.33
2022-02-16T13:42:11.013Z,0.36
2022-02-16T14:02:48.843Z,0.36
2022-02-16T14:24:48.687Z,0.4
2022-02-16T14:42:06.674Z,0.4
2022-02-16T15:02:57.829Z,0.39
2022-02-16T15:26:36.116Z,0.43
2022-02-16T15:43:47.881Z,0.45
2022-02-16T16:03:10.449Z,0.49
2022-02-16T16:29:22.289Z,0.55
2022-02-16T16:48:40.852Z,0.59
2022-02-16T17:03:21.930Z,0.64
2022-02-16T17:25:42.453Z,0.78
2022-02-16T17:42:13.476Z,0.87
2022-02-16T18:03:13.174Z,0.86
2022-02-16T18:27:27.727Z,0.86
2022-02-16T18:44:11.440Z,0.88
2022-02-16T19:03:05.751Z,0.82
2022-02-16T19:23:06.827Z,0.66
2022-02-16T19:42:20.067Z,0.63
2022-02-16T20:02:57.331Z,0.51
2022-02-16T20:25:34.726Z,0.45
2022-02-16T20:42:08.148Z,0.38
2022-02-16T21:02:54.900Z,0.31
2022-02-16T21:24:46.611Z,0.27
2022-02-16T21:42:08.334Z,0.24
2022-02-16T22:03:05.099Z,0.24
2022-02-16T22:24:28.134Z,0.24
2022-02-16T22:42:24.774Z,0.24
2022-02-16T23:02:55.661Z,0.24
2022-02-16T23:25:34.032Z,0
2022-02-16T23:42:31.196Z,0
2022-02-17T07:02:49.890Z,0.01
2022-02-17T07:24:49.706Z,0.01
2022-02-17T07:42:22.405Z,0.01
2022-02-17T08:03:01.622Z,0.01
2022-02-17T08:27:12.886Z,0.01
2022-02-17T08:43:09.465Z,0.01
2022-02-17T09:03:04.276Z,0.02
2022-02-17T09:25:19.937Z,0.13
2022-02-17T09:42:25.251Z,0.17
2022-02-17T10:02:51.754Z,0.2
2022-02-17T10:26:41.245Z,0.19
2022-02-17T10:42:47.367Z,0.19
2022-02-17T11:02:49.592Z,0.24
2022-02-17T11:23:50.764Z,0.23
2022-02-17T11:42:12.482Z,0.24
2022-02-17T12:03:05.488Z,0.24
2022-02-17T12:29:39.039Z,0.2
2022-02-17T12:48:47.182Z,0.21
2022-02-17T13:05:05.676Z,0.24
2022-02-17T13:26:18.882Z,0.26
2022-02-17T13:42:07.656Z,0.28
2022-02-17T14:02:53.048Z,0.29
2022-02-17T14:24:46.462Z,0.33
2022-02-17T14:42:03.486Z,0.34
2022-02-17T15:03:06.226Z,0.38
2022-02-17T15:26:39.914Z,0.44
2022-02-17T15:43:53.429Z,0.4
2022-02-17T16:03:30.678Z,0.43
2022-02-17T16:29:21.884Z,0.47
2022-02-17T16:49:04.534Z,0.47
2022-02-17T17:04:01.027Z,0.49
2022-02-17T17:25:50.598Z,0.56
2022-02-17T17:42:08.780Z,0.64
2022-02-17T18:03:09.825Z,0.7
2022-02-17T18:27:37.327Z,0.74
2022-02-17T18:44:28.973Z,0.74
2022-02-17T19:03:58.649Z,0.71
2022-02-17T19:22:40.203Z,0.68
2022-02-17T19:42:10.887Z,0.66
2022-02-17T20:02:59.206Z,0.58
2022-02-17T20:25:11.949Z,0.47
2022-02-17T20:42:15.093Z,0.37
2022-02-17T21:03:25.338Z,0.3
2022-02-17T21:24:51.173Z,0.22
2022-02-17T21:42:20.475Z,0.19
2022-02-17T22:03:03.286Z,0.19
2022-02-17T22:25:33.616Z,0.19
2022-02-17T22:43:23.789Z,0.19
2022-02-17T23:02:49.591Z,0.19
2022-02-17T23:24:59.937Z,0
2022-02-17T23:42:18.434Z,0
2022-02-18T07:03:09.809Z,0
2022-02-18T07:24:49.577Z,0.02
2022-02-18T07:42:15.135Z,0.05
2022-02-18T08:03:06.398Z,0.07
2022-02-18T08:27:03.967Z,0.08
2022-02-18T08:43:04.651Z,0.11
2022-02-18T09:02:57.602Z,0.1
2022-02-18T09:25:19.128Z,0.14
2022-02-18T09:42:06.929Z,0.15
2022-02-18T10:02:59.532Z,0.15
2022-02-18T10:26:57.651Z,0.16
2022-02-18T10:42:54.059Z,0.17
2022-02-18T11:02:58.317Z,0.16
2022-02-18T11:23:57.451Z,0.16
2022-02-18T11:42:06.171Z,0.17
2022-02-18T12:03:22.186Z,0.16
2022-02-18T12:29:43.710Z,0.19
2022-02-18T12:48:48.064Z,0.19
2022-02-18T13:05:11.993Z,0.19
2022-02-18T13:26:24.265Z,0.24
2022-02-18T13:42:11.556Z,0.26
2022-02-18T14:02:55.913Z,0.27
2022-02-18T14:24:48.489Z,0.25
2022-02-18T14:42:09.017Z,0.26
2022-02-18T15:03:08.840Z,0.27
2022-02-18T15:26:22.125Z,0.25
2022-02-18T15:45:29.773Z,0.25
2022-02-18T16:03:01.415Z,0.24
2022-02-18T16:29:19.364Z,0.33
2022-02-18T16:48:30.266Z,0.3
2022-02-18T17:03:24.873Z,0.35
2022-02-18T17:25:27.940Z,0.45
2022-02-18T17:42:45.934Z,0.49
2022-02-18T18:03:01.800Z,0.5
2022-02-18T18:27:27.663Z,0.49
2022-02-18T18:44:21.251Z,0.51
2022-02-18T19:02:44.945Z,0.5
2022-02-18T19:22:34.962Z,0.41
2022-02-18T19:42:08.722Z,0.41
2022-02-18T20:02:58.232Z,0.35
2022-02-18T20:25:44.317Z,0.31
2022-02-18T20:42:03.069Z,0.27
2022-02-18T21:02:51.544Z,0.24
2022-02-18T21:24:27.158Z,0.18
2022-02-18T21:42:04.733Z,0.15
2022-02-18T22:03:00.148Z,0.15
2022-02-18T22:25:49.066Z,0.15
2022-02-18T22:42:10.765Z,0.15
2022-02-18T23:02:49.246Z,0.15
2022-02-18T23:25:07.223Z,0
2022-02-18T23:42:07.637Z,0
2022-02-19T07:02:55.125Z,0
2022-02-19T07:24:19.823Z,0
2022-02-19T07:42:06.427Z,0
2022-02-19T08:03:14.371Z,0.04
2022-02-19T08:26:55.350Z,0.11
2022-02-19T08:43:03.593Z,0.15
2022-02-19T09:03:00.836Z,0.23
2022-02-19T09:25:24.483Z,0.27
2022-02-19T09:42:07.945Z,0.27
2022-02-19T10:02:59.930Z,0.31
2022-02-19T10:26:21.393Z,0.34
2022-02-19T10:42:15.568Z,0.33
2022-02-19T11:02:44.708Z,0.35
2022-02-19T11:23:46.319Z,0.36
2022-02-19T11:42:05.030Z,0.35
2022-02-19T12:03:13.703Z,0.34
2022-02-19T12:29:31.614Z,0.32
2022-02-19T12:47:45.681Z,0.33
2022-02-19T13:04:25.111Z,0.32
2022-02-19T13:25:21.330Z,0.29
2022-02-19T13:42:22.286Z,0.37
2022-02-19T14:02:53.671Z,0.37
2022-02-19T14:24:07.995Z,0.39
2022-02-19T14:42:24.502Z,0.43
2022-02-19T15:03:17.955Z,0.4
2022-02-19T15:26:01.436Z,0.38
2022-02-19T15:42:59.860Z,0.39
2022-02-19T16:03:06.466Z,0.36
2022-02-19T16:29:14.598Z,0.34
2022-02-19T16:48:01.363Z,0.3
2022-02-19T17:02:50.954Z,0.27
2022-02-19T17:24:49.897Z,0.24
2022-02-19T17:42:09.358Z,0.18
2022-02-19T18:03:05.439Z,0.17
2022-02-19T18:27:01.968Z,0.17
2022-02-19T18:43:54.702Z,0.17
2022-02-19T19:02:52.713Z,0.17
2022-02-19T19:22:15.428Z,0.17
2022-02-19T19:42:17.484Z,0.17
2022-02-19T20:02:56.413Z,0.17
2022-02-19T20:25:42.579Z,0.17
2022-02-19T20:42:06.086Z,0.17
2022-02-19T21:02:52.976Z,0.17
2022-02-19T21:24:30.209Z,0.17
2022-02-19T21:42:07.429Z,0.17
2022-02-19T22:03:03.147Z,0.17
2022-02-19T22:25:21.828Z,0.17
2022-02-19T22:42:07.643Z,0.17
2022-02-19T23:03:02.099Z,0.17
2022-02-19T23:25:27.824Z,0
2022-02-19T23:42:06.148Z,0
2022-02-20T07:02:58.298Z,0
2022-02-20T07:24:19.769Z,0
2022-02-20T07:42:07.487Z,0
2022-02-20T08:03:08.397Z,0.01
2022-02-20T08:26:55.068Z,0.13
2022-02-20T08:42:41.887Z,0.19
2022-02-20T09:03:01.742Z,0.24
2022-02-20T09:25:05.985Z,0.34
2022-02-20T09:42:07.552Z,0.48
2022-02-20T10:03:59.657Z,0.59
2022-02-20T10:26:16.926Z,0.62
2022-02-20T10:42:16.716Z,0.6
2022-02-20T11:03:07.860Z,0.59
2022-02-20T11:24:17.031Z,0.53
2022-02-20T11:42:05.244Z,0.52
2022-02-20T12:03:18.672Z,0.56
2022-02-20T12:29:36.772Z,0.58
2022-02-20T12:47:51.022Z,0.57
2022-02-20T13:04:26.601Z,0.64
2022-02-20T13:25:23.127Z,0.67
2022-02-20T13:42:04.686Z,0.71
2022-02-20T14:02:41.638Z,0.66
2022-02-20T14:24:08.356Z,0.67
2022-02-20T14:42:11.142Z,0.64
2022-02-20T15:03:10.364Z,0.65
2022-02-20T15:26:04.736Z,0.63
2022-02-20T15:43:07.003Z,0.63
2022-02-20T16:03:06.997Z,0.53
2022-02-20T16:29:09.622Z,0.47
2022-02-20T16:47:48.388Z,0.43
2022-02-20T17:02:50.617Z,0.38
2022-02-20T17:24:52.386Z,0.32
2022-02-20T17:42:08.493Z,0.32
2022-02-20T18:02:56.341Z,0.32
2022-02-20T18:27:08.676Z,0.32
2022-02-20T18:44:05.499Z,0.32
2022-02-20T19:03:07.640Z,0.32
2022-02-20T19:22:56.058Z,0.32
2022-02-20T19:42:25.441Z,0.32
2022-02-20T20:03:03.234Z,0.32
2022-02-20T20:25:42.754Z,0.32
2022-02-20T20:42:06.215Z,0.32
2022-02-20T21:02:58.397Z,0.32
2022-02-20T21:24:25.104Z,0.32
2022-02-20T21:42:08.378Z,0.32
2022-02-20T22:03:07.211Z,0.32
2022-02-20T22:25:11.587Z,0.32
2022-02-20T22:42:04.993Z,0.32
2022-02-20T23:02:58.136Z,0.32
2022-02-20T23:25:04.619Z,0
2022-02-20T23:42:11.144Z,0
2022-02-21T07:02:52.234Z,0
2022-02-21T07:24:45.325Z,0.01
2022-02-21T07:42:08.415Z,0.01
2022-02-21T08:03:10.665Z,0.02
2022-02-21T08:27:37.298Z,0.02
2022-02-21T08:43:30.996Z,0.02
2022-02-21T09:03:02.819Z,0.04
2022-02-21T09:25:46.112Z,0.15
2022-02-21T09:42:23.414Z,0.2
2022-02-21T10:02:58.013Z,0.24
2022-02-21T10:27:04.517Z,0.26
2022-02-21T10:42:57.473Z,0.27
2022-02-21T11:03:18.630Z,0.3
2022-02-21T11:24:19.086Z,0.29
2022-02-21T11:42:07.238Z,0.25
2022-02-21T12:03:21.870Z,0.21
2022-02-21T12:29:56.838Z,0.18
2022-02-21T12:49:30.937Z,0.2
2022-02-21T13:05:44.025Z,0.22
2022-02-21T13:26:34.674Z,0.25
2022-02-21T13:42:11.401Z,0.26
2022-02-21T14:03:04.696Z,0.29
2022-02-21T14:24:54.378Z,0.3
2022-02-21T14:42:14.674Z,0.32
2022-02-21T15:03:43.954Z,0.35
2022-02-21T15:27:00.921Z,0.37
2022-02-21T15:44:05.913Z,0.37
2022-02-21T16:03:05.275Z,0.37
2022-02-21T16:29:19.628Z,0.42
2022-02-21T16:48:40.508Z,0.49
2022-02-21T17:03:30.474Z,0.58
2022-02-21T17:25:26.996Z,0.67
2022-02-21T17:42:09.290Z,0.74
2022-02-21T18:03:12.778Z,0.78
2022-02-21T18:27:25.836Z,0.8
2022-02-21T18:44:18.657Z,0.8
2022-02-21T19:02:46.487Z,0.8
2022-02-21T19:22:39.054Z,0.69
2022-02-21T19:42:13.010Z,0.55
2022-02-21T20:03:11.413Z,0.49
2022-02-21T20:26:02.642Z,0.38
2022-02-21T20:42:10.278Z,0.32
2022-02-21T21:02:58.542Z,0.24
2022-02-21T21:24:29.215Z,0.16
2022-02-21T21:42:08.876Z,0.16
2022-02-21T22:03:01.957Z,0.16
2022-02-21T22:25:24.793Z,0.16
2022-02-21T22:42:09.463Z,0.16
2022-02-21T23:02:51.547Z,0.16
2022-02-21T23:25:22.666Z,0
2022-02-21T23:42:09.907Z,0
2022-02-22T07:02:49.752Z,0
2022-02-22T07:24:46.412Z,0
2022-02-22T07:42:02.838Z,0
2022-02-22T08:02:58.966Z,0
2022-02-22T08:27:34.465Z,0
2022-02-22T08:43:25.436Z,0.01
2022-02-22T09:03:07.014Z,0.01
2022-02-22T09:25:27.078Z,0.1
2022-02-22T09:42:15.870Z,0.14
2022-02-22T10:02:57.171Z,0.18
2022-02-22T10:26:54.211Z,0.2
2022-02-22T10:42:55.449Z,0.22
2022-02-22T11:02:54.519Z,0.2
2022-02-22T11:24:19.152Z,0.23
2022-02-22T11:42:12.484Z,0.22
2022-02-22T12:04:23.283Z,0.18
2022-02-22T12:29:59.834Z,0.2
2022-02-22T12:50:02.023Z,0.18
2022-02-22T13:06:08.255Z,0.19
2022-02-22T13:26:42.643Z,0.2
2022-02-22T13:42:06.441Z,0.22
2022-02-22T14:03:02.357Z,0.22
2022-02-22T14:42:08.252Z,0.19
2022-02-22T15:03:16.123Z,0.19
2022-02-22T15:26:46.468Z,0.32
2022-02-22T15:44:07.392Z,0.39
2022-02-22T16:03:04.069Z,0.39
2022-02-22T16:29:25.216Z,0.44
2022-02-22T16:49:16.521Z,0.49
2022-02-22T17:04:04.865Z,0.54
2022-02-22T17:25:45.477Z,0.56
2022-02-22T17:42:09.587Z,0.67
2022-02-22T18:03:14.331Z,0.83
2022-02-22T18:27:50.423Z,0.82
2022-02-22T18:44:36.727Z,0.78
2022-02-22T19:02:49.510Z,0.72
2022-02-22T19:22:42.250Z,0.66
2022-02-22T19:42:11.559Z,0.52
2022-02-22T20:02:56.178Z,0.43
2022-02-22T20:25:52.286Z,0.37
2022-02-22T20:42:12.633Z,0.33
2022-02-22T21:02:56.277Z,0.3
2022-02-22T21:24:27.245Z,0.29
2022-02-22T21:42:08.816Z,0.29
2022-02-22T22:02:58.555Z,0.29
2022-02-22T22:25:30.476Z,0.29
2022-02-22T22:42:09.284Z,0.29
2022-02-22T23:02:48.976Z,0.29
2022-02-22T23:25:43.780Z,0
2022-02-22T23:42:11.901Z,0
2022-02-23T07:02:55.503Z,0
2022-02-23T07:24:47.403Z,0.02
2022-02-23T07:42:15.066Z,0.06
2022-02-23T08:03:00.534Z,0.06
2022-02-23T08:27:17.483Z,0.09
2022-02-23T08:43:10.548Z,0.13
2022-02-23T09:02:59.992Z,0.13
2022-02-23T09:23:56.409Z,0.14
2022-02-23T09:42:08.785Z,0.16
2022-02-23T10:03:15.292Z,0.16
2022-02-23T10:27:00.656Z,0.15
2022-02-23T10:42:54.711Z,0.16
2022-02-23T11:03:06.149Z,0.14
2022-02-23T11:24:03.888Z,0.11
2022-02-23T11:42:11.535Z,0.14
2022-02-23T12:03:20.151Z,0.17
2022-02-23T12:29:51.861Z,0.17
2022-02-23T12:49:43.419Z,0.19
2022-02-23T13:05:52.836Z,0.25
2022-02-23T13:27:07.544Z,0.25
2022-02-23T13:42:12.478Z,0.29
2022-02-23T14:02:57.775Z,0.32
2022-02-23T14:24:33.587Z,0.33
2022-02-23T14:42:16.324Z,0.34
2022-02-23T15:03:08.631Z,0.31
2022-02-23T15:26:47.667Z,0.33
2022-02-23T15:44:01.840Z,0.32
2022-02-23T16:03:08.894Z,0.34
2022-02-23T16:29:40.040Z,0.42
2022-02-23T16:49:57.111Z,0.49
2022-02-23T17:04:49.631Z,0.56
2022-02-23T17:26:24.051Z,0.73
2022-02-23T17:42:17.762Z,0.79
2022-02-23T18:03:00.574Z,0.85
2022-02-23T18:27:09.376Z,0.89
2022-02-23T18:44:24.348Z,0.84
2022-02-23T19:05:42.244Z,0.82
2022-02-23T19:23:26.289Z,0.74
2022-02-23T19:42:10.309Z,0.64
2022-02-23T20:03:06.594Z,0.49
2022-02-23T20:26:03.262Z,0.39
2022-02-23T20:42:13.553Z,0.34
2022-02-23T21:03:12.931Z,0.29
2022-02-23T21:25:02.162Z,0.25
2022-02-23T21:42:08.270Z,0.23
2022-02-23T22:02:52.941Z,0.21
2022-02-23T22:25:53.610Z,0.21
2022-02-23T22:42:14.656Z,0.21
2022-02-23T23:03:02.493Z,0.21
2022-02-23T23:25:48.305Z,0
2022-02-23T23:42:34.170Z,0
2022-02-24T07:02:49.407Z,0
2022-02-24T07:24:44.525Z,0
2022-02-24T07:42:08.434Z,0
2022-02-24T08:03:11.439Z,0
2022-02-24T08:27:27.026Z,0
2022-02-24T08:43:30.197Z,0
2022-02-24T09:03:11.145Z,0.04
2022-02-24T09:25:33.962Z,0.11
2022-02-24T09:42:23.675Z,0.14
2022-02-24T10:02:54.636Z,0.17
2022-02-24T10:26:56.659Z,0.17
2022-02-24T10:43:02.144Z,0.17
2022-02-24T11:02:50.624Z,0.15
2022-02-24T11:24:10.284Z,0.16
2022-02-24T11:42:13.815Z,0.14
2022-02-24T12:03:30.200Z,0.14
2022-02-24T12:29:54.683Z,0.12
2022-02-24T12:49:58.801Z,0.13
2022-02-24T13:06:13.341Z,0.13
2022-02-24T13:26:57.551Z,0.12
2022-02-24T13:42:10.646Z,0.14
2022-02-24T14:03:12.454Z,0.16
2022-02-24T14:24:55.258Z,0.18
2022-02-24T14:42:10.190Z,0.2
2022-02-24T15:03:01.317Z,0.22
2022-02-24T15:26:41.212Z,0.24
2022-02-24T15:44:04.025Z,0.27
2022-02-24T16:03:13.939Z,0.33
2022-02-24T16:29:25.469Z,0.35
2022-02-24T16:48:50.412Z,0.41
2022-02-24T17:03:50.981Z,0.49
2022-02-24T17:25:49.667Z,0.55
2022-02-24T17:42:07.231Z,0.63
2022-02-24T18:03:06.980Z,0.64
2022-02-24T18:27:57.109Z,0.65
2022-02-24T18:44:39.022Z,0.64
2022-02-24T19:02:48.891Z,0.64
2022-02-24T19:23:05.902Z,0.58
2022-02-24T19:42:16.841Z,0.52
2022-02-24T20:03:00.075Z,0.44
2022-02-24T20:25:55.718Z,0.4
2022-02-24T20:42:11.156Z,0.33
2022-02-24T21:02:55.335Z,0.23
2022-02-24T21:24:52.765Z,0.19
2022-02-24T21:42:12.156Z,0.18
2022-02-24T22:03:07.589Z,0.17
2022-02-24T22:25:50.294Z,0.17
2022-02-24T22:42:14.188Z,0.17
2022-02-24T23:03:14.335Z,0.17
2022-02-24T23:25:47.279Z,0
2022-02-24T23:43:40.990Z,0
2022-02-25T07:02:49.151Z,0
2022-02-25T07:24:37.210Z,0.04
2022-02-25T07:42:15.261Z,0.08
2022-02-25T08:03:12.367Z,0.11
2022-02-25T08:27:22.863Z,0.12
2022-02-25T08:43:26.452Z,0.15
2022-02-25T09:03:09.728Z,0.17
2022-02-25T09:25:30.693Z,0.2
2022-02-25T09:42:20.189Z,0.2
2022-02-25T10:02:53.451Z,0.19
2022-02-25T10:27:05.877Z,0.21
2022-02-25T10:43:02.750Z,0.17
2022-02-25T11:02:57.152Z,0.15
2022-02-25T11:24:05.797Z,0.14
2022-02-25T11:42:11.011Z,0.11
2022-02-25T12:03:33.002Z,0.08
2022-02-25T12:29:46.455Z,0.07
2022-02-25T12:49:11.130Z,0.13
2022-02-25T13:05:39.761Z,0.17
2022-02-25T13:26:43.917Z,0.17
2022-02-25T13:42:08.689Z,0.19
2022-02-25T14:02:54.932Z,0.17
2022-02-25T14:24:38.377Z,0.17
2022-02-25T14:42:06.673Z,0.19
2022-02-25T15:03:06.879Z,0.24
2022-02-25T15:26:41.157Z,0.3
2022-02-25T15:43:54.389Z,0.32
2022-02-25T16:02:58.948Z,0.32
2022-02-25T16:29:26.047Z,0.32
2022-02-25T16:48:50.607Z,0.33
2022-02-25T17:03:56.051Z,0.36
2022-02-25T17:25:49.243Z,0.37
2022-02-25T17:42:06.127Z,0.35
2022-02-25T18:03:00.668Z,0.37
2022-02-25T18:29:42.430Z,0.39
2022-02-25T18:44:39.147Z,0.38
2022-02-25T19:02:56.414Z,0.39
2022-02-25T19:23:05.271Z,0.36
2022-02-25T19:43:07.947Z,0.35
2022-02-25T20:02:56.297Z,0.29
2022-02-25T20:25:56.814Z,0.24
2022-02-25T20:42:07.227Z,0.22
2022-02-25T21:02:57.612Z,0.22
2022-02-25T21:24:25.984Z,0.18
2022-02-25T21:42:16.915Z,0.18
2022-02-25T22:03:08.083Z,0.18
2022-02-25T22:25:47.282Z,0.18
2022-02-25T22:42:10.047Z,0.18
2022-02-25T23:03:00.817Z,0.18
2022-02-25T23:25:30.995Z,0
2022-02-25T23:42:11.477Z,0
2022-02-26T07:02:48.982Z,0
2022-02-26T07:24:26.344Z,0
2022-02-26T07:42:08.778Z,0
2022-02-26T08:03:04.589Z,0.07
2022-02-26T08:27:00.580Z,0.11
2022-02-26T08:43:11.848Z,0.17
2022-02-26T09:03:10.439Z,0.19
2022-02-26T09:24:55.421Z,0.2
2022-02-26T09:42:13.815Z,0.21
2022-02-26T10:02:55.925Z,0.25
2022-02-26T10:26:24.051Z,0.23
2022-02-26T10:42:28.260Z,0.23
2022-02-26T11:02:49.373Z,0.19
2022-02-26T11:24:23.306Z,0.11
2022-02-26T11:42:08.354Z,0.15
2022-02-26T12:03:03.896Z,0.21
2022-02-26T12:29:38.520Z,0.18
2022-02-26T12:48:07.310Z,0.2
2022-02-26T13:04:51.954Z,0.19
2022-02-26T13:25:54.932Z,0.19
2022-02-26T13:42:08.558Z,0.21
2022-02-26T14:02:52.401Z,0.24
2022-02-26T14:24:33.935Z,0.24
2022-02-26T14:42:44.040Z,0.22
2022-02-26T15:03:18.800Z,0.24
2022-02-26T15:26:00.996Z,0.19
2022-02-26T15:43:06.617Z,0.2
2022-02-26T16:02:51.737Z,0.2
2022-02-26T16:29:10.368Z,0.18
2022-02-26T16:47:53.336Z,0.17
2022-02-26T17:02:58.477Z,0.16
2022-02-26T17:25:01.673Z,0.15
2022-02-26T17:42:11.158Z,0.13
2022-02-26T18:02:58.303Z,0.1
2022-02-26T18:27:14.985Z,0.1
2022-02-26T18:44:10.019Z,0.1
2022-02-26T19:02:44.112Z,0.1
2022-02-26T19:22:26.227Z,0.1
2022-02-26T19:42:09.242Z,0.1
2022-02-26T20:02:58.647Z,0.1
2022-02-26T20:25:30.569Z,0.1
2022-02-26T20:42:08.648Z,0.1
2022-02-26T21:02:57.750Z,0.1
2022-02-26T21:24:19.221Z,0.1
2022-02-26T21:42:04.407Z,0.1
2022-02-26T22:02:57.482Z,0.1
2022-02-26T22:25:10.150Z,0.1
2022-02-26T22:42:09.202Z,0.1
2022-02-26T23:03:14.115Z,0.1
2022-02-26T23:25:18.542Z,0
2022-02-26T23:42:05.155Z,0
2022-02-27T07:02:57.445Z,0
2022-02-27T07:24:41.188Z,0
2022-02-27T07:42:06.861Z,0
2022-02-27T08:03:17.571Z,0
2022-02-27T08:26:54.350Z,0.03
2022-02-27T08:42:55.154Z,0.04
2022-02-27T09:02:58.290Z,0.05
2022-02-27T09:25:04.271Z,0.06
2022-02-27T09:42:10.874Z,0.09
2022-02-27T10:03:06.873Z,0.09
2022-02-27T10:26:40.238Z,0.11
2022-02-27T10:42:34.407Z,0.12
2022-02-27T11:02:54.626Z,0.12
2022-02-27T11:24:06.001Z,0.14
2022-02-27T11:42:12.521Z,0.15
2022-02-27T12:03:21.292Z,0.13
2022-02-27T12:29:34.864Z,0.13
2022-02-27T12:48:20.126Z,0.13
2022-02-27T13:05:00.908Z,0.14
2022-02-27T13:26:13.834Z,0.14
2022-02-27T13:42:07.222Z,0.16
2022-02-27T14:03:28.507Z,0.2
2022-02-27T14:24:36.556Z,0.18
2022-02-27T14:42:08.619Z,0.17
2022-02-27T15:02:48.317Z,0.17
2022-02-27T15:26:09.626Z,0.18
2022-02-27T15:43:25.595Z,0.18
2022-02-27T16:03:02.565Z,0.18
2022-02-27T16:29:16.211Z,0.16
2022-02-27T16:48:03.353Z,0.12
2022-02-27T17:03:04.159Z,0.12
2022-02-27T17:25:14.199Z,0.1
2022-02-27T17:42:11.761Z,0.07
2022-02-27T18:02:49.678Z,0.05
2022-02-27T18:27:28.382Z,0.05
2022-02-27T18:44:18.388Z,0.05
2022-02-27T19:02:40.297Z,0.05
2022-02-27T19:22:36.311Z,0.05
2022-02-27T19:42:10.547Z,0.05
2022-02-27T20:03:03.407Z,0.05
2022-02-27T20:25:48.739Z,0.05
2022-02-27T20:42:11.547Z,0.05
2022-02-27T21:02:59.186Z,0.05
2022-02-27T21:24:58.122Z,0.05
2022-02-27T21:43:05.421Z,0.05
2022-02-27T22:03:08.248Z,0.05
2022-02-27T22:25:24.471Z,0.05
2022-02-27T22:42:09.134Z,0.05
2022-02-27T23:03:12.067Z,0.05
2022-02-27T23:25:14.454Z,0
2022-02-27T23:42:07.306Z,0
2022-02-28T07:02:48.470Z,0.01
2022-02-28T07:25:01.251Z,0.01
2022-02-28T07:42:12.445Z,0.01
2022-02-28T08:03:04.117Z,0.01
2022-02-28T08:27:52.102Z,0.01
2022-02-28T08:43:51.599Z,0.01
2022-02-28T09:03:01.577Z,0.02
2022-02-28T09:25:47.737Z,0.05
2022-02-28T09:42:32.682Z,0.11
2022-02-28T10:03:13.825Z,0.13
2022-02-28T10:27:14.616Z,0.15
2022-02-28T10:43:18.868Z,0.14
2022-02-28T11:03:15.820Z,0.11
2022-02-28T11:24:30.924Z,0.1
2022-02-28T11:42:11.037Z,0.11
2022-02-28T12:03:26.670Z,0.12
2022-02-28T12:29:51.372Z,0.13
2022-02-28T12:49:42.796Z,0.14
2022-02-28T13:06:06.303Z,0.13
2022-02-28T13:27:03.927Z,0.13
2022-02-28T13:42:09.199Z,0.14
2022-02-28T14:03:11.549Z,0.13
2022-02-28T14:26:04.661Z,0.1
2022-02-28T14:42:08.622Z,0.11
2022-02-28T15:03:51.165Z,0.11
2022-02-28T15:26:48.898Z,0.12
2022-02-28T15:44:00.911Z,0.15
2022-02-28T16:03:23.551Z,0.17
2022-02-28T16:29:38.573Z,0.21
2022-02-28T16:49:49.348Z,0.27
2022-02-28T17:04:44.219Z,0.34
2022-02-28T17:26:19.096Z,0.37
2022-02-28T17:42:19.686Z,0.37
2022-02-28T18:03:10.176Z,0.4
2022-02-28T18:27:49.704Z,0.43
2022-02-28T18:44:40.458Z,0.38
2022-02-28T19:02:54.769Z,0.36
2022-02-28T19:23:16.302Z,0.34
2022-02-28T19:42:10.627Z,0.32
2022-02-28T20:03:11.844Z,0.29
2022-02-28T20:26:20.497Z,0.25
2022-02-28T20:42:27.238Z,0.23
2022-02-28T21:03:11.194Z,0.16
2022-02-28T21:24:33.878Z,0.13
2022-02-28T21:42:14.628Z,0.12
2022-02-28T22:02:52.697Z,0.12
2022-02-28T22:25:53.002Z,0.12
2022-02-28T22:42:15.579Z,0.12
2022-02-28T23:06:08.039Z,0.12
2022-02-28T23:25:43.753Z,0
2022-02-28T23:42:24.687Z,0
2022-03-01T07:02:50.046Z,0
2022-03-01T07:24:48.448Z,0
2022-03-01T07:42:08.139Z,0
2022-03-01T08:03:16.864Z,0
2022-03-01T08:27:52.364Z,0
2022-03-01T08:43:58.181Z,0
2022-03-01T09:03:02.527Z,0
2022-03-01T09:25:35.041Z,0.05
2022-03-01T09:42:25.233Z,0.09
2022-03-01T10:03:02.808Z,0.1
2022-03-01T10:27:09.817Z,0.1
2022-03-01T10:43:14.861Z,0.1
2022-03-01T11:02:54.396Z,0.09
2022-03-01T11:24:33.515Z,0.08
2022-03-01T11:42:45.055Z,0.06
2022-03-01T12:03:35.405Z,0.06
2022-03-01T12:30:01.566Z,0.06
2022-03-01T12:50:11.562Z,0.07
2022-03-01T13:06:25.515Z,0.06
2022-03-01T13:26:44.788Z,0.07
2022-03-01T13:42:07.118Z,0.07
2022-03-01T14:03:11.182Z,0.08
2022-03-01T14:24:48.942Z,0.11
2022-03-01T14:42:11.736Z,0.1
2022-03-01T15:08:31.569Z,0.15
2022-03-01T15:26:52.080Z,0.15
2022-03-01T15:44:06.879Z,0.18
2022-03-01T16:03:07.418Z,0.22
2022-03-01T16:29:29.982Z,0.26
2022-03-01T16:49:13.053Z,0.3
2022-03-01T17:04:23.443Z,0.35
2022-03-01T17:26:04.022Z,0.39
2022-03-01T17:42:08.175Z,0.44
2022-03-01T18:03:05.892Z,0.47
2022-03-01T18:27:32.743Z,0.5
2022-03-01T18:44:32.046Z,0.49
2022-03-01T19:02:57.809Z,0.49
2022-03-01T19:23:26.699Z,0.49
2022-03-01T19:42:06.077Z,0.44
2022-03-01T20:03:12.668Z,0.4
2022-03-01T20:26:30.320Z,0.33
2022-03-01T20:42:16.328Z,0.28
2022-03-01T21:02:56.265Z,0.17
2022-03-01T21:25:02.231Z,0.14
2022-03-01T21:42:20.202Z,0.13
2022-03-01T22:02:59.788Z,0.12
2022-03-01T22:25:42.977Z,0.12
2022-03-01T22:42:12.654Z,0.12
2022-03-01T23:03:11.978Z,0.12
2022-03-01T23:25:33.682Z,0
2022-03-01T23:42:16.119Z,0
2022-03-02T07:02:48.950Z,0
2022-03-02T07:24:52.416Z,0.01
2022-03-02T07:42:09.655Z,0.02
2022-03-02T08:03:24.328Z,0.02
2022-03-02T08:28:26.521Z,0.03
2022-03-02T08:44:19.658Z,0.05
2022-03-02T09:02:53.071Z,0.07
2022-03-02T09:25:22.370Z,0.09
2022-03-02T09:42:07.108Z,0.1
2022-03-02T10:03:09.647Z,0.08
2022-03-02T10:27:04.107Z,0.09
2022-03-02T10:43:02.699Z,0.07
2022-03-02T11:03:00.037Z,0.07
2022-03-02T11:24:27.053Z,0.09
2022-03-02T11:42:08.547Z,0.1
2022-03-02T12:03:35.152Z,0.1
2022-03-02T12:30:00.153Z,0.13
2022-03-02T12:50:11.703Z,0.14
2022-03-02T13:06:29.385Z,0.17
2022-03-02T13:27:12.097Z,0.17
2022-03-02T13:42:14.315Z,0.17
2022-03-02T14:02:57.681Z,0.17
2022-03-02T14:25:01.462Z,0.2
2022-03-02T14:42:08.779Z,0.22
2022-03-02T15:03:13.603Z,0.22
2022-03-02T15:26:47.570Z,0.25
2022-03-02T15:43:14.488Z,0.25
2022-03-02T16:03:03.078Z,0.27
2022-03-02T16:29:26.803Z,0.31
2022-03-02T16:49:06.816Z,0.43
2022-03-02T17:04:22.039Z,0.5
2022-03-02T17:26:00.768Z,0.54
2022-03-02T17:42:08.400Z,0.57
2022-03-02T18:03:22.758Z,0.59
2022-03-02T18:28:43.477Z,0.6
2022-03-02T18:44:43.375Z,0.61
2022-03-02T19:03:05.388Z,0.56
2022-03-02T19:23:12.466Z,0.52
2022-03-02T19:42:24.199Z,0.46
2022-03-02T20:02:52.314Z,0.36
2022-03-02T20:25:42.090Z,0.3
2022-03-02T20:42:10.219Z,0.27
2022-03-02T21:02:50.853Z,0.21
2022-03-02T21:24:20.190Z,0.17
2022-03-02T21:42:17.165Z,0.16
2022-03-02T22:02:51.978Z,0.15
2022-03-02T22:25:54.163Z,0.15
2022-03-02T22:42:15.994Z,0.15
2022-03-02T23:02:57.654Z,0.15
2022-03-02T23:25:36.980Z,0
2022-03-02T23:42:18.502Z,0
2022-03-03T07:02:55.442Z,0
2022-03-03T07:42:15.217Z,0
2022-03-03T08:03:20.148Z,0
2022-03-03T08:27:33.607Z,0
2022-03-03T08:43:38.356Z,0
2022-03-03T09:03:15.091Z,0.01
2022-03-03T09:25:49.056Z,0.04
2022-03-03T09:42:37.080Z,0.05
2022-03-03T10:03:04.550Z,0.06
2022-03-03T10:27:09.972Z,0.08
2022-03-03T10:43:19.283Z,0.08
2022-03-03T11:03:05.506Z,0.08
2022-03-03T11:23:26.733Z,0.08
2022-03-03T11:42:27.621Z,0.08
2022-03-03T12:04:15.601Z,0.09
2022-03-03T12:30:01.655Z,0.09
2022-03-03T12:50:05.280Z,0.1
2022-03-03T13:06:17.049Z,0.1
2022-03-03T13:27:11.553Z,0.11
2022-03-03T13:42:06.416Z,0.1
2022-03-03T14:03:02.939Z,0.09
2022-03-03T14:24:58.720Z,0.09
2022-03-03T14:42:12.790Z,0.1
2022-03-03T15:03:06.112Z,0.13
2022-03-03T15:26:51.505Z,0.15
2022-03-03T15:44:04.828Z,0.16
2022-03-03T16:03:04.917Z,0.22
2022-03-03T16:29:38.056Z,0.28
2022-03-03T16:50:01.668Z,0.35
2022-03-03T17:04:51.956Z,0.42
2022-03-03T17:26:28.669Z,0.53
2022-03-03T17:42:26.464Z,0.62
2022-03-03T18:02:58.793Z,0.65
2022-03-03T18:30:35.906Z,0.7
2022-03-03T18:43:22.729Z,0.7
2022-03-03T19:02:59.287Z,0.68
2022-03-03T19:23:21.632Z,0.6
2022-03-03T19:42:13.479Z,0.55
2022-03-03T20:03:04.384Z,0.47
2022-03-03T20:26:10.321Z,0.36
2022-03-03T20:42:26.264Z,0.25
2022-03-03T21:02:59.218Z,0.17
2022-03-03T21:24:55.492Z,0.13
2022-03-03T21:42:14.710Z,0.12
2022-03-03T22:03:02.526Z,0.12
2022-03-03T22:25:54.395Z,0.12
2022-03-03T22:42:19.089Z,0.12
2022-03-03T23:03:07.077Z,0.12
2022-03-03T23:25:37.311Z,0
2022-03-03T23:42:15.153Z,0
2022-03-04T07:02:58.262Z,0.01
2022-03-04T07:24:50.093Z,0.02
2022-03-04T07:42:10.539Z,0.07
2022-03-04T08:03:09.991Z,0.1
2022-03-04T08:27:48.293Z,0.12
2022-03-04T08:43:48.914Z,0.14
2022-03-04T09:03:00.182Z,0.14
2022-03-04T09:25:29.143Z,0.18
2022-03-04T09:42:27.799Z,0.19
2022-03-04T10:03:00.834Z,0.19
2022-03-04T10:27:06.079Z,0.15
2022-03-04T10:43:01.195Z,0.15
2022-03-04T11:02:49.421Z,0.15
2022-03-04T11:24:10.405Z,0.12
2022-03-04T11:42:11.045Z,0.11
2022-03-04T12:03:27.103Z,0.13
2022-03-04T12:30:02.008Z,0.13
2022-03-04T12:50:01.428Z,0.12
2022-03-04T13:06:23.955Z,0.12
2022-03-04T13:27:06.454Z,0.15
2022-03-04T13:42:09.970Z,0.15
2022-03-04T14:03:04.484Z,0.16
2022-03-04T14:24:41.598Z,0.15
2022-03-04T14:42:19.340Z,0.19
2022-03-04T15:02:59.562Z,0.2
2022-03-04T15:26:56.887Z,0.22
2022-03-04T15:44:23.630Z,0.22
2022-03-04T16:03:07.572Z,0.21
2022-03-04T16:29:28.596Z,0.2
2022-03-04T16:49:18.626Z,0.32
2022-03-04T17:04:22.720Z,0.44
2022-03-04T17:25:20.320Z,0.55
2022-03-04T17:42:16.570Z,0.56
2022-03-04T18:03:17.116Z,0.61
2022-03-04T18:27:57.969Z,0.59
2022-03-04T18:44:43.090Z,0.64
2022-03-04T19:02:56.200Z,0.66
2022-03-04T19:22:07.961Z,0.69
2022-03-04T19:42:18.453Z,0.65
2022-03-04T20:03:13.755Z,0.6
2022-03-04T20:26:16.907Z,0.49
2022-03-04T20:42:26.555Z,0.51
2022-03-04T21:03:10.963Z,0.49
2022-03-04T21:24:50.375Z,0.4
2022-03-04T21:42:09.982Z,0.39
2022-03-04T22:02:52.063Z,0.39
2022-03-04T22:24:15.212Z,0.39
2022-03-04T22:42:11.141Z,0.39
2022-03-04T23:03:08.406Z,0.39
2022-03-04T23:25:28.650Z,0
2022-03-04T23:42:13.228Z,0
2022-03-05T07:03:01.452Z,0
2022-03-05T07:24:43.780Z,0
2022-03-05T07:42:08.556Z,0
2022-03-05T08:03:09.030Z,0.03
2022-03-05T08:27:18.880Z,0.07
2022-03-05T08:43:28.632Z,0.1
2022-03-05T09:02:48.046Z,0.12
2022-03-05T09:25:01.434Z,0.19
2022-03-05T09:42:13.619Z,0.2
2022-03-05T10:03:07.067Z,0.24
2022-03-05T10:26:33.408Z,0.27
2022-03-05T10:42:30.355Z,0.27
2022-03-05T11:02:48.811Z,0.24
2022-03-05T11:24:53.596Z,0.19
2022-03-05T11:42:10.189Z,0.17
2022-03-05T12:03:09.913Z,0.17
2022-03-05T12:29:39.441Z,0.15
2022-03-05T12:48:29.919Z,0.15
2022-03-05T13:05:11.768Z,0.15
2022-03-05T13:26:17.222Z,0.15
2022-03-05T13:42:05.140Z,0.15
2022-03-05T14:02:45.538Z,0.18
2022-03-05T14:24:35.090Z,0.21
2022-03-05T14:42:05.919Z,0.22
2022-03-05T15:02:55.760Z,0.21
2022-03-05T15:26:09.114Z,0.24
2022-03-05T15:43:17.726Z,0.22
2022-03-05T16:02:56.245Z,0.23
2022-03-05T16:29:13.112Z,0.24
2022-03-05T16:48:02.568Z,0.2
2022-03-05T17:02:59.821Z,0.21
2022-03-05T17:25:07.927Z,0.19
2022-03-05T17:42:12.929Z,0.17
2022-03-05T18:03:04.589Z,0.1
2022-03-05T18:27:26.909Z,0.1
2022-03-05T18:44:14.438Z,0.1
2022-03-05T19:02:54.388Z,0.1
2022-03-05T19:22:57.693Z,0.1
2022-03-05T19:42:11.349Z,0.1
2022-03-05T20:03:04.616Z,0.1
2022-03-05T20:25:36.524Z,0.1
2022-03-05T20:42:04.901Z,0.1
2022-03-05T21:02:54.436Z,0.1
2022-03-05T21:24:22.109Z,0.1
2022-03-05T21:42:13.607Z,0.1
2022-03-05T22:02:55.411Z,0.1
2022-03-05T22:25:27.971Z,0.1
2022-03-05T22:42:10.544Z,0.1
2022-03-05T23:03:01.875Z,0.1
2022-03-05T23:25:09.836Z,0
2022-03-05T23:42:05.714Z,0
2022-03-06T07:03:03.533Z,0
2022-03-06T07:24:41.298Z,0
2022-03-06T07:42:12.985Z,0
2022-03-06T08:03:15.689Z,0.01
2022-03-06T08:27:16.355Z,0.05
2022-03-06T08:43:18.974Z,0.09
2022-03-06T09:02:50.027Z,0.12
2022-03-06T09:25:00.413Z,0.24
2022-03-06T09:42:06.404Z,0.28
2022-03-06T10:02:53.390Z,0.3
2022-03-06T10:26:25.659Z,0.31
2022-03-06T10:42:28.665Z,0.33
2022-03-06T11:03:09.451Z,0.33
2022-03-06T11:23:49.246Z,0.31
2022-03-06T11:42:18.090Z,0.3
2022-03-06T12:03:11.239Z,0.29
2022-03-06T12:29:38.867Z,0.34
2022-03-06T12:48:47.957Z,0.36
2022-03-06T13:05:15.933Z,0.35
2022-03-06T13:26:18.905Z,0.35
2022-03-06T13:42:07.269Z,0.34
2022-03-06T14:02:52.057Z,0.3
2022-03-06T14:24:24.916Z,0.25
2022-03-06T14:42:03.559Z,0.27
2022-03-06T15:03:08.558Z,0.29
2022-03-06T15:26:08.286Z,0.29
2022-03-06T15:43:15.141Z,0.27
2022-03-06T16:02:58.877Z,0.25
2022-03-06T16:29:10.197Z,0.26
2022-03-06T16:48:04.343Z,0.24
2022-03-06T17:03:04.490Z,0.22
2022-03-06T17:25:12.730Z,0.21
2022-03-06T17:42:11.892Z,0.21
2022-03-06T18:02:54.022Z,0.18
2022-03-06T18:27:19.820Z,0.18
2022-03-06T18:44:11.876Z,0.18
2022-03-06T19:02:55.167Z,0.18
2022-03-06T19:22:36.676Z,0.18
2022-03-06T19:42:13.168Z,0.18
2022-03-06T20:03:38.640Z,0.18
2022-03-06T20:26:08.001Z,0.18
2022-03-06T20:42:16.151Z,0.18
2022-03-06T21:03:00.673Z,0.18
2022-03-06T21:24:33.633Z,0.18
2022-03-06T21:42:12.589Z,0.18
2022-03-06T22:03:10.564Z,0.18
2022-03-06T22:25:32.320Z,0.18
2022-03-06T22:42:04.805Z,0.18
2022-03-06T23:03:29.928Z,0.18
2022-03-06T23:25:31.553Z,0
2022-03-06T23:42:09.381Z,0
2022-03-07T07:02:56.015Z,0
2022-03-07T07:25:15.500Z,0.01
2022-03-07T07:42:02.473Z,0.01
2022-03-07T08:03:13.936Z,0.01
2022-03-07T08:28:12.808Z,0.01
2022-03-07T08:44:03.294Z,0.01
2022-03-07T09:03:13.081Z,0.02
2022-03-07T09:27:39.895Z,0.07
2022-03-07T09:42:34.588Z,0.08
2022-03-07T10:03:02.825Z,0.09
2022-03-07T10:27:04.786Z,0.1
2022-03-07T10:43:18.789Z,0.1
2022-03-07T11:02:45.629Z,0.11
2022-03-07T11:24:20.023Z,0.1
2022-03-07T11:42:07.821Z,0.11
2022-03-07T12:03:42.295Z,0.1
2022-03-07T12:30:01.847Z,0.12
2022-03-07T12:50:15.711Z,0.12
2022-03-07T13:06:32.854Z,0.13
2022-03-07T13:27:23.889Z,0.14
2022-03-07T13:42:12.272Z,0.15
2022-03-07T14:03:06.497Z,0.15
2022-03-07T14:24:47.566Z,0.12
2022-03-07T14:42:14.618Z,0.13
2022-03-07T15:03:06.205Z,0.16
2022-03-07T15:26:39.990Z,0.17
2022-03-07T15:43:47.952Z,0.19
2022-03-07T16:03:09.171Z,0.2
2022-03-07T16:29:38.132Z,0.27
2022-03-07T16:50:40.014Z,0.32
2022-03-07T17:05:21.673Z,0.39
2022-03-07T17:26:35.756Z,0.51
2022-03-07T17:42:35.525Z,0.51
2022-03-07T18:03:12.432Z,0.54
2022-03-07T18:28:03.820Z,0.57
2022-03-07T18:44:47.272Z,0.54
2022-03-07T19:03:11.923Z,0.51
2022-03-07T19:22:48.154Z,0.42
2022-03-07T19:42:06.989Z,0.39
2022-03-07T20:02:59.750Z,0.37
2022-03-07T20:26:24.346Z,0.3
2022-03-07T20:42:30.598Z,0.25
2022-03-07T21:03:09.256Z,0.16
2022-03-07T21:25:02.353Z,0.1
2022-03-07T21:42:09.650Z,0.1
2022-03-07T22:02:48.436Z,0.1
2022-03-07T22:25:45.851Z,0.1
2022-03-07T22:42:18.989Z,0.1
2022-03-07T23:02:57.158Z,0.1
2022-03-07T23:25:29.921Z,0
2022-03-07T23:42:11.351Z,0
2022-03-08T07:03:21.700Z,0
2022-03-08T07:25:13.043Z,0
2022-03-08T07:42:15.694Z,0
2022-03-08T08:03:20.742Z,0
2022-03-08T08:28:24.714Z,0
2022-03-08T08:43:59.750Z,0
2022-03-08T09:03:17.131Z,0
2022-03-08T09:25:29.544Z,0.04
2022-03-08T09:42:27.140Z,0.05
2022-03-08T10:03:05.535Z,0.06
2022-03-08T10:27:03.117Z,0.08
2022-03-08T10:43:11.835Z,0.07
2022-03-08T11:02:52.066Z,0.06
2022-03-08T11:24:24.981Z,0.06
2022-03-08T11:42:17.423Z,0.05
2022-03-08T12:03:32.674Z,0.05
2022-03-08T12:30:00.811Z,0.07
2022-03-08T12:50:54.944Z,0.07
2022-03-08T13:06:57.015Z,0.06
2022-03-08T13:27:36.416Z,0.09
2022-03-08T13:42:15.148Z,0.08
2022-03-08T14:02:59.101Z,0.07
2022-03-08T14:24:26.921Z,0.08
2022-03-08T14:42:07.200Z,0.1
2022-03-08T15:03:09.922Z,0.12
2022-03-08T15:26:49.713Z,0.14
2022-03-08T15:44:08.092Z,0.21
2022-03-08T16:03:19.202Z,0.25
2022-03-08T16:29:56.909Z,0.35
2022-03-08T16:49:49.270Z,0.42
2022-03-08T17:04:45.283Z,0.44
2022-03-08T17:26:30.140Z,0.52
2022-03-08T17:42:20.842Z,0.57
2022-03-08T18:03:09.426Z,0.6
2022-03-08T18:28:00.879Z,0.66
2022-03-08T18:44:41.013Z,0.69
2022-03-08T19:02:57.255Z,0.67
2022-03-08T19:23:17.756Z,0.59
2022-03-08T19:42:07.965Z,0.55
2022-03-08T20:03:06.687Z,0.48
2022-03-08T20:26:28.853Z,0.41
2022-03-08T20:44:36.288Z,0.35
2022-03-08T21:03:12.107Z,0.24
2022-03-08T21:24:42.484Z,0.17
2022-03-08T21:42:13.435Z,0.14
2022-03-08T22:02:54.439Z,0.13
2022-03-08T22:26:02.921Z,0.13
2022-03-08T22:42:25.765Z,0.13
2022-03-08T23:03:14.030Z,0.13
2022-03-08T23:25:33.384Z,0
2022-03-08T23:42:14.489Z,0
2022-03-09T07:02:51.645Z,0.02
2022-03-09T07:24:55.517Z,0.05
2022-03-09T07:42:11.836Z,0.06
2022-03-09T08:03:05.358Z,0.06
2022-03-09T08:27:48.565Z,0.07
2022-03-09T08:43:48.178Z,0.08
2022-03-09T09:03:10.911Z,0.1
2022-03-09T09:25:30.202Z,0.13
2022-03-09T09:42:30.142Z,0.13
2022-03-09T10:03:11.739Z,0.12
2022-03-09T10:27:04.639Z,0.11
2022-03-09T10:43:09.476Z,0.11
2022-03-09T11:02:48.461Z,0.1
2022-03-09T11:24:26.436Z,0.1
2022-03-09T11:42:13.610Z,0.09
2022-03-09T12:03:42.558Z,0.1
2022-03-09T12:29:58.729Z,0.12
2022-03-09T12:50:11.268Z,0.13
2022-03-09T13:06:34.531Z,0.18
2022-03-09T13:27:15.778Z,0.2
2022-03-09T13:42:08.627Z,0.2
2022-03-09T14:02:52.848Z,0.21
2022-03-09T14:25:10.473Z,0.24
2022-03-09T14:42:08.679Z,0.24
2022-03-09T15:03:12.577Z,0.23
2022-03-09T15:26:44.050Z,0.3
2022-03-09T15:43:33.211Z,0.31
2022-03-09T16:03:05.329Z,0.32
2022-03-09T16:29:30.642Z,0.39
2022-03-09T16:49:39.853Z,0.47
2022-03-09T17:04:37.524Z,0.53
2022-03-09T17:26:24.149Z,0.71
2022-03-09T17:42:21.574Z,0.77
2022-03-09T18:02:59.969Z,0.86
2022-03-09T18:27:57.425Z,0.9
2022-03-09T18:44:47.737Z,0.84
2022-03-09T19:02:58.620Z,0.78
2022-03-09T19:23:13.388Z,0.76
2022-03-09T19:42:15.889Z,0.73
2022-03-09T20:03:00.811Z,0.61
2022-03-09T20:26:14.974Z,0.5
2022-03-09T20:42:30.476Z,0.4
2022-03-09T21:02:58.839Z,0.34
2022-03-09T21:24:49.349Z,0.24
2022-03-09T21:42:10.122Z,0.21
2022-03-09T22:02:59.411Z,0.2
2022-03-09T22:25:46.785Z,0.2
2022-03-09T22:42:17.426Z,0.2
2022-03-09T23:03:10.490Z,0.2
2022-03-09T23:25:39.966Z,0
2022-03-09T23:42:21.721Z,0
2022-03-10T07:03:03.115Z,0
2022-03-10T07:24:56.282Z,0
2022-03-10T07:42:15.219Z,0
2022-03-10T08:03:13.828Z,0
2022-03-10T08:27:52.286Z,0
2022-03-10T08:45:48.285Z,0
2022-03-10T09:03:09.272Z,0.03
2022-03-10T09:25:45.676Z,0.06
2022-03-10T09:42:36.322Z,0.08
2022-03-10T10:03:17.022Z,0.08
2022-03-10T10:27:02.310Z,0.07
2022-03-10T10:43:20.027Z,0.08
2022-03-10T11:03:16.548Z,0.08
2022-03-10T11:24:37.979Z,0.09
2022-03-10T11:42:18.624Z,0.07
2022-03-10T12:03:32.219Z,0.08
2022-03-10T12:30:04.370Z,0.09
2022-03-10T12:51:30.227Z,0.09
2022-03-10T13:07:15.895Z,0.12
2022-03-10T13:27:49.590Z,0.14
2022-03-10T13:42:28.178Z,0.14
2022-03-10T14:02:52.583Z,0.12
2022-03-10T14:24:43.572Z,0.12
2022-03-10T14:42:16.920Z,0.14
2022-03-10T15:03:11.126Z,0.14
2022-03-10T15:27:20.661Z,0.15
2022-03-10T15:44:18.809Z,0.15
2022-03-10T16:03:03.634Z,0.19
2022-03-10T16:29:33.135Z,0.19
2022-03-10T16:49:31.284Z,0.23
2022-03-10T17:04:35.127Z,0.29
2022-03-10T17:26:14.004Z,0.35
2022-03-10T17:42:15.227Z,0.44
2022-03-10T18:03:19.581Z,0.52
2022-03-10T18:28:41.226Z,0.57
2022-03-10T18:44:47.796Z,0.57
2022-03-10T19:02:56.749Z,0.54
2022-03-10T19:22:58.419Z,0.5
2022-03-10T19:42:13.317Z,0.45
2022-03-10T20:03:16.964Z,0.37
2022-03-10T20:26:22.087Z,0.3
2022-03-10T20:42:29.504Z,0.25
2022-03-10T21:03:08.947Z,0.19
2022-03-10T21:24:51.497Z,0.16
2022-03-10T21:42:10.301Z,0.15
2022-03-10T22:03:05.407Z,0.12
2022-03-10T22:25:56.921Z,0.12
2022-03-10T22:42:18.017Z,0.12
2022-03-10T23:03:20.581Z,0.12
2022-03-10T23:25:45.603Z,0
2022-03-10T23:42:18.498Z,0
2022-03-11T07:03:04.275Z,0
2022-03-11T07:24:56.469Z,0.03
2022-03-11T07:42:08.793Z,0.06
2022-03-11T08:03:05.635Z,0.08
2022-03-11T08:27:58.284Z,0.09
2022-03-11T08:43:57.210Z,0.11
2022-03-11T09:02:55.947Z,0.12
2022-03-11T09:25:43.825Z,0.12
2022-03-11T09:42:32.627Z,0.13
2022-03-11T10:03:07.616Z,0.15
2022-03-11T10:27:29.024Z,0.15
2022-03-11T10:43:12.316Z,0.13
2022-03-11T11:03:05.220Z,0.12
2022-03-11T11:24:18.046Z,0.13
2022-03-11T11:42:05.958Z,0.11
2022-03-11T12:03:20.056Z,0.12
2022-03-11T12:29:55.998Z,0.11
2022-03-11T12:50:07.760Z,0.12
2022-03-11T13:06:33.712Z,0.13
2022-03-11T13:27:14.681Z,0.16
2022-03-11T13:42:11.328Z,0.18
2022-03-11T14:03:05.318Z,0.2
2022-03-11T14:24:44.629Z,0.27
2022-03-11T14:42:10.652Z,0.27
2022-03-11T15:03:11.654Z,0.3
2022-03-11T15:26:42.030Z,0.38
2022-03-11T15:44:05.565Z,0.39
2022-03-11T16:03:13.024Z,0.4
2022-03-11T16:29:36.170Z,0.4
2022-03-11T16:49:39.437Z,0.36
2022-03-11T17:04:35.876Z,0.38
2022-03-11T17:26:20.681Z,0.44
2022-03-11T17:42:21.653Z,0.54
2022-03-11T18:03:03.674Z,0.46
2022-03-11T18:28:09.480Z,0.46
2022-03-11T18:44:44.310Z,0.42
2022-03-11T19:02:41.444Z,0.42
2022-03-11T19:22:59.128Z,0.36
2022-03-11T19:42:13.626Z,0.34
2022-03-11T20:02:49.356Z,0.32
2022-03-11T20:26:13.238Z,0.24
2022-03-11T20:42:30.861Z,0.2
2022-03-11T21:02:53.760Z,0.17
2022-03-11T21:24:49.858Z,0.16
2022-03-11T21:42:08.057Z,0.16
2022-03-11T22:02:52.560Z,0.16
2022-03-11T22:26:02.022Z,0.16
2022-03-11T22:42:29.419Z,0.16
2022-03-11T23:03:07.836Z,0.16
2022-03-11T23:25:31.891Z,0
2022-03-11T23:42:13.487Z,0
2022-03-12T07:02:58.046Z,0
2022-03-12T07:24:38.676Z,0
2022-03-12T07:42:15.238Z,0
2022-03-12T08:03:20.022Z,0.01
2022-03-12T08:27:24.823Z,0.05
2022-03-12T08:43:32.369Z,0.09
2022-03-12T09:02:51.400Z,0.15
2022-03-12T09:25:17.394Z,0.19
2022-03-12T09:42:09.896Z,0.23
2022-03-12T10:02:53.880Z,0.25
2022-03-12T10:26:40.476Z,0.31
2022-03-12T10:42:42.196Z,0.35
2022-03-12T11:02:46.946Z,0.35
2022-03-12T11:24:23.344Z,0.39
2022-03-12T11:42:07.789Z,0.35
2022-03-12T12:03:04.548Z,0.32
2022-03-12T12:29:43.698Z,0.31
2022-03-12T12:48:55.333Z,0.31
2022-03-12T13:05:36.050Z,0.34
2022-03-12T13:26:28.974Z,0.33
2022-03-12T13:42:08.641Z,0.35
2022-03-12T14:02:54.654Z,0.36
2022-03-12T14:24:37.572Z,0.37
2022-03-12T14:42:10.800Z,0.38
2022-03-12T15:03:07.056Z,0.35
2022-03-12T15:26:14.044Z,0.31
2022-03-12T15:43:13.603Z,0.32
2022-03-12T16:03:02.020Z,0.32
2022-03-12T16:29:13.348Z,0.34
2022-03-12T16:48:09.131Z,0.31
2022-03-12T17:03:12.189Z,0.3
2022-03-12T17:25:20.422Z,0.28
2022-03-12T17:42:07.701Z,0.25
2022-03-12T18:03:19.178Z,0.22
2022-03-12T18:27:33.949Z,0.22
2022-03-12T18:44:12.683Z,0.22
2022-03-12T19:02:47.206Z,0.22
2022-03-12T19:23:00.320Z,0.22
2022-03-12T19:42:13.998Z,0.22
2022-03-12T20:02:56.501Z,0.22
2022-03-12T20:26:13.069Z,0.22
2022-03-12T20:42:20.697Z,0.22
2022-03-12T21:02:59.359Z,0.22
2022-03-12T21:24:57.305Z,0.22
2022-03-12T21:42:14.829Z,0.22
2022-03-12T22:03:02.976Z,0.22
2022-03-12T22:25:31.728Z,0.22
2022-03-12T22:42:07.032Z,0.22
2022-03-12T23:02:59.889Z,0.22
2022-03-12T23:25:40.612Z,0
2022-03-12T23:42:51.286Z,0
2022-03-13T07:03:06.905Z,0
2022-03-13T07:24:40.176Z,0
2022-03-13T07:42:16.180Z,0
2022-03-13T08:03:09.835Z,0.01
2022-03-13T08:27:25.702Z,0.06
2022-03-13T08:43:27.028Z,0.12
2022-03-13T09:03:08.758Z,0.16
2022-03-13T09:25:22.152Z,0.17
2022-03-13T09:42:12.783Z,0.19
2022-03-13T10:03:10.593Z,0.21
2022-03-13T10:26:38.645Z,0.24
2022-03-13T10:42:41.091Z,0.25
2022-03-13T11:03:08.489Z,0.24
2022-03-13T11:25:01.184Z,0.3
2022-03-13T11:42:11.663Z,0.3
2022-03-13T12:03:24.480Z,0.28
2022-03-13T12:29:45.076Z,0.29
2022-03-13T12:49:12.226Z,0.3
2022-03-13T13:05:50.088Z,0.32
2022-03-13T13:26:41.812Z,0.36
2022-03-13T13:42:09.977Z,0.36
2022-03-13T14:03:06.230Z,0.37
2022-03-13T14:25:03.758Z,0.36
2022-03-13T14:42:10.319Z,0.29
2022-03-13T15:03:10.421Z,0.28
2022-03-13T15:26:24.654Z,0.31
2022-03-13T15:43:31.787Z,0.35
2022-03-13T16:03:20.509Z,0.36
2022-03-13T16:29:24.794Z,0.35
2022-03-13T16:48:47.093Z,0.32
2022-03-13T17:03:40.328Z,0.28
2022-03-13T17:25:36.682Z,0.25
2022-03-13T17:42:11.261Z,0.2
2022-03-13T18:03:02.148Z,0.2
2022-03-13T18:27:33.564Z,0.2
2022-03-13T18:44:19.130Z,0.2
2022-03-13T19:02:52.417Z,0.2
2022-03-13T19:22:42.996Z,0.2
2022-03-13T19:42:12.617Z,0.2
2022-03-13T20:03:10.614Z,0.2
2022-03-13T20:25:48.474Z,0.2
2022-03-13T20:42:09.196Z,0.2
2022-03-13T21:03:10.796Z,0.2
2022-03-13T21:24:45.707Z,0.2
2022-03-13T21:42:24.093Z,0.2
2022-03-13T22:03:02.226Z,0.2
2022-03-13T22:25:31.872Z,0.2
2022-03-13T22:42:05.707Z,0.2
2022-03-13T23:03:54.902Z,0.2
2022-03-13T23:25:56.327Z,0
2022-03-13T23:42:28.051Z,0
2022-03-14T07:03:04.060Z,0
2022-03-14T07:25:21.228Z,0
2022-03-14T07:42:16.006Z,0
2022-03-14T08:03:11.886Z,0
2022-03-14T08:28:04.843Z,0
2022-03-14T08:43:56.264Z,0
2022-03-14T09:03:25.035Z,0.03
2022-03-14T09:25:57.940Z,0.05
2022-03-14T09:42:42.690Z,0.1
2022-03-14T10:03:05.797Z,0.11
2022-03-14T10:27:32.170Z,0.1
2022-03-14T10:43:38.146Z,0.11
2022-03-14T11:02:52.851Z,0.12
2022-03-14T11:24:27.217Z,0.12
2022-03-14T11:42:10.478Z,0.12
2022-03-14T12:03:39.492Z,0.11
2022-03-14T12:30:07.139Z,0.1
2022-03-14T12:50:15.581Z,0.1
2022-03-14T13:06:42.030Z,0.1
2022-03-14T13:27:50.156Z,0.1
2022-03-14T13:42:35.038Z,0.11
2022-03-14T14:03:56.602Z,0.13
2022-03-14T14:25:09.494Z,0.14
2022-03-14T14:42:10.846Z,0.15
2022-03-14T15:03:10.357Z,0.14
2022-03-14T15:27:15.375Z,0.17
2022-03-14T15:44:36.203Z,0.2
2022-03-14T16:03:31.792Z,0.21
2022-03-14T16:29:40.202Z,0.26
2022-03-14T16:49:49.276Z,0.34
2022-03-14T17:04:05.269Z,0.45
2022-03-14T17:26:09.371Z,0.54
2022-03-14T17:42:18.971Z,0.56
2022-03-14T18:03:16.878Z,0.62
2022-03-14T18:41:39.388Z,0.63
2022-03-14T18:44:15.047Z,0.65
2022-03-14T19:02:55.391Z,0.58
2022-03-14T19:31:56.179Z,0.49
2022-03-14T19:42:16.243Z,0.45
2022-03-14T20:03:06.716Z,0.4
2022-03-14T20:26:39.663Z,0.35
2022-03-14T20:42:49.251Z,0.32
2022-03-14T21:03:05.648Z,0.2
2022-03-14T21:25:06.039Z,0.14
2022-03-14T21:42:13.565Z,0.11
2022-03-14T22:03:03.801Z,0.1
2022-03-14T22:26:04.798Z,0.1
2022-03-14T22:42:27.122Z,0.1
2022-03-14T23:02:59.094Z,0.1
2022-03-14T23:26:07.190Z,0
2022-03-14T23:42:32.365Z,0
2022-03-15T07:03:06.243Z,0
2022-03-15T07:25:16.214Z,0
2022-03-15T07:42:14.871Z,0
2022-03-15T08:03:11.334Z,0
2022-03-15T08:28:09.146Z,0
2022-03-15T08:44:09.885Z,0
2022-03-15T09:03:09.043Z,0
2022-03-15T09:26:19.459Z,0.06
2022-03-15T09:42:58.715Z,0.07
2022-03-15T10:03:16.919Z,0.08
2022-03-15T10:27:34.520Z,0.09
2022-03-15T10:43:36.715Z,0.09
2022-03-15T11:03:17.141Z,0.1
2022-03-15T11:24:35.405Z,0.1
2022-03-15T11:42:09.045Z,0.09
2022-03-15T12:03:32.805Z,0.09
2022-03-15T12:30:18.407Z,0.09
2022-03-15T12:51:20.281Z,0.1
2022-03-15T13:07:32.649Z,0.1
2022-03-15T13:28:16.632Z,0.1
2022-03-15T13:42:33.331Z,0.1
2022-03-15T14:02:58.215Z,0.1
2022-03-15T14:25:06.394Z,0.09
2022-03-15T14:42:11.770Z,0.09
2022-03-15T15:03:12.927Z,0.11
2022-03-15T15:26:56.805Z,0.13
2022-03-15T15:43:07.442Z,0.19
2022-03-15T16:03:02.962Z,0.22
2022-03-15T16:29:33.995Z,0.25
2022-03-15T16:49:36.824Z,0.32
2022-03-15T17:04:42.899Z,0.38
2022-03-15T17:26:26.718Z,0.44
2022-03-15T17:42:15.550Z,0.5
2022-03-15T18:03:36.557Z,0.57
2022-03-15T18:28:19.610Z,0.6
2022-03-15T18:49:10.281Z,0.59
2022-03-15T19:03:16.384Z,0.58
2022-03-15T19:24:04.499Z,0.54
2022-03-15T19:42:14.255Z,0.49
2022-03-15T20:03:00.171Z,0.42
2022-03-15T20:26:33.252Z,0.31
2022-03-15T20:42:35.790Z,0.27
2022-03-15T21:03:00.312Z,0.25
2022-03-15T21:22:56.072Z,0.24
2022-03-15T21:42:21.884Z,0.24
2022-03-15T22:03:26.537Z,0.24
2022-03-15T22:26:28.589Z,0.24
2022-03-15T22:42:41.678Z,0.24
2022-03-15T23:03:15.167Z,0.24
2022-03-15T23:25:49.771Z,0
2022-03-15T23:42:28.684Z,0
2022-03-16T07:03:10.464Z,0.01
2022-03-16T07:25:18.917Z,0.03
2022-03-16T07:42:15.638Z,0.03
2022-03-16T08:03:27.402Z,0.02
2022-03-16T08:27:50.330Z,0.04
2022-03-16T08:43:54.192Z,0.05
2022-03-16T09:03:18.499Z,0.05
2022-03-16T09:25:44.132Z,0.09
2022-03-16T09:42:34.177Z,0.1
2022-03-16T10:03:01.096Z,0.12
2022-03-16T10:27:34.709Z,0.13
2022-03-16T10:47:29.672Z,0.11
2022-03-16T11:02:53.791Z,0.11
2022-03-16T11:24:41.539Z,0.11
2022-03-16T11:42:47.268Z,0.1
2022-03-16T12:03:38.915Z,0.1
2022-03-16T12:30:28.597Z,0.13
2022-03-16T12:51:49.604Z,0.15
2022-03-16T13:06:52.525Z,0.19
2022-03-16T13:33:03.957Z,0.23
2022-03-16T13:44:33.967Z,0.25
2022-03-16T14:03:50.928Z,0.24
2022-03-16T14:24:52.073Z,0.25
2022-03-16T14:42:20.693Z,0.27
2022-03-16T15:09:00.816Z,0.26
2022-03-16T15:27:07.831Z,0.27
2022-03-16T15:47:27.405Z,0.26
2022-03-16T16:04:42.708Z,0.28
2022-03-16T16:30:44.013Z,0.33
2022-03-16T16:49:29.107Z,0.37
2022-03-16T17:04:40.949Z,0.46
2022-03-16T17:26:29.496Z,0.54
2022-03-16T17:42:25.220Z,0.63
2022-03-16T18:03:13.243Z,0.68
2022-03-16T18:28:20.548Z,0.75
2022-03-16T18:44:59.530Z,0.71
2022-03-16T19:02:52.678Z,0.64
2022-03-16T19:23:17.738Z,0.63
2022-03-16T19:42:15.841Z,0.57
2022-03-16T20:03:08.920Z,0.47
2022-03-16T20:26:31.652Z,0.37
2022-03-16T20:42:44.255Z,0.32
2022-03-16T21:02:59.254Z,0.28
2022-03-16T21:25:13.804Z,0.22
2022-03-16T21:42:19.528Z,0.22
2022-03-16T22:03:15.461Z,0.21
2022-03-16T22:25:21.554Z,0.21
2022-03-16T22:42:07.568Z,0.21
2022-03-16T23:03:02.497Z,0.21
2022-03-16T23:25:44.038Z,0
2022-03-16T23:42:24.248Z,0
2022-03-17T07:02:58.502Z,0
2022-03-17T07:24:47.091Z,0
2022-03-17T07:42:16.776Z,0
2022-03-17T08:03:05.300Z,0.01
2022-03-17T08:27:56.013Z,0.01
2022-03-17T08:44:02.202Z,0.01
2022-03-17T09:03:06.772Z,0.01
2022-03-17T09:25:35.853Z,0.08
2022-03-17T09:42:14.900Z,0.1
2022-03-17T10:03:12.691Z,0.11
2022-03-17T10:27:34.345Z,0.12
2022-03-17T10:44:09.778Z,0.12
2022-03-17T11:03:03.549Z,0.11
2022-03-17T11:24:21.490Z,0.1
2022-03-17T11:42:13.417Z,0.09
2022-03-17T12:03:29.940Z,0.1
2022-03-17T12:30:52.528Z,0.08
2022-03-17T12:51:46.947Z,0.07
2022-03-17T13:07:44.249Z,0.07
2022-03-17T13:28:37.411Z,0.09
2022-03-17T13:43:06.174Z,0.1
2022-03-17T15:30:17.374Z,0.15
2022-03-17T15:46:28.868Z,0.17
2022-03-17T16:03:07.388Z,0.19
2022-03-17T16:29:41.033Z,0.29
2022-03-17T16:49:35.344Z,0.41
2022-03-17T17:04:38.591Z,0.48
2022-03-17T17:26:26.122Z,0.56
2022-03-17T17:42:33.556Z,0.62
2022-03-17T18:03:30.142Z,0.61
2022-03-17T18:53:01.646Z,0.6
2022-03-17T19:24:31.982Z,0.57
2022-03-17T19:55:16.928Z,0.43
2022-03-17T20:03:08.951Z,0.41
2022-03-17T20:52:24.244Z,0.25
2022-03-17T21:39:25.337Z,0.13
2022-03-17T22:09:34.491Z,0.12
2022-03-17T22:53:56.855Z,0.12
2022-03-17T23:13:22.584Z,0
2022-03-17T23:35:27.466Z,0
2022-03-17T23:56:09.260Z,0
2022-03-18T07:03:00.560Z,0.01
2022-03-18T07:25:07.047Z,0.03
2022-03-18T07:43:06.842Z,0.05
2022-03-18T08:12:27.448Z,0.1
2022-03-18T08:49:00.509Z,0.12
2022-03-18T09:25:44.166Z,0.14
2022-03-18T09:52:19.571Z,0.17
2022-03-18T10:08:48.433Z,0.15
2022-03-18T10:43:30.879Z,0.17
2022-03-18T11:05:41.027Z,0.16
2022-03-18T11:24:30.935Z,0.13
2022-03-18T11:51:43.832Z,0.17
2022-03-18T12:05:19.868Z,0.16
2022-03-18T12:29:56.476Z,0.17
2022-03-18T13:05:16.734Z,0.19
2022-03-18T13:06:52.527Z,0.19
2022-03-18T13:31:27.664Z,0.22
2022-03-18T13:42:18.533Z,0.24
2022-03-18T14:12:28.211Z,0.23
2022-03-18T14:28:20.212Z,0.24
2022-03-18T14:53:58.414Z,0.23
2022-03-18T15:03:03.141Z,0.24
2022-03-18T15:27:20.985Z,0.3
2022-03-18T15:53:06.673Z,0.31
2022-03-18T16:03:02.278Z,0.31
2022-03-18T16:30:12.301Z,0.33
2022-03-18T16:49:36.420Z,0.29
2022-03-18T17:04:42.824Z,0.33
2022-03-18T17:26:25.572Z,0.35
2022-03-18T17:42:33.142Z,0.34
2022-03-18T18:03:38.499Z,0.32
2022-03-18T18:28:04.621Z,0.34
2022-03-18T18:44:51.379Z,0.31
2022-03-18T19:07:48.556Z,0.32
2022-03-18T19:23:00.023Z,0.28
2022-03-18T19:42:10.275Z,0.26
2022-03-18T20:03:09.949Z,0.25
2022-03-18T20:26:41.509Z,0.2
2022-03-18T20:42:31.182Z,0.16
2022-03-18T21:03:23.053Z,0.16
2022-03-18T21:25:03.940Z,0.14
2022-03-18T21:42:36.903Z,0.14
2022-03-18T22:03:08.789Z,0.14
2022-03-18T22:25:58.614Z,0.14
2022-03-18T22:42:29.528Z,0.14
2022-03-18T23:03:07.219Z,0.14
2022-03-18T23:25:47.444Z,0
2022-03-18T23:42:18.965Z,0
2022-03-19T07:02:49.896Z,0
2022-03-19T07:24:41.521Z,0
2022-03-19T07:42:12.316Z,0
2022-03-19T08:03:00.772Z,0.01
2022-03-19T08:27:22.696Z,0.1
2022-03-19T08:43:32.330Z,0.11
2022-03-19T09:02:50.498Z,0.12
2022-03-19T09:25:21.689Z,0.16
2022-03-19T09:42:09.904Z,0.19
2022-03-19T10:03:14.748Z,0.19
2022-03-19T10:26:51.411Z,0.22
2022-03-19T10:42:50.204Z,0.24
2022-03-19T11:03:06.516Z,0.28
2022-03-19T11:24:19.797Z,0.26
2022-03-19T11:42:11.634Z,0.24
2022-03-19T12:04:08.727Z,0.2
2022-03-19T12:29:52.753Z,0.2
2022-03-19T12:49:25.029Z,0.22
2022-03-19T13:05:54.521Z,0.26
2022-03-19T13:26:48.857Z,0.3
2022-03-19T13:42:07.863Z,0.29
2022-03-19T14:03:09.754Z,0.31
2022-03-19T14:25:31.318Z,0.32
2022-03-19T14:42:15.874Z,0.36
2022-03-19T15:03:14.574Z,0.34
2022-03-19T15:26:27.562Z,0.35
2022-03-19T15:43:36.973Z,0.35
2022-03-19T16:03:12.649Z,0.35
2022-03-19T16:29:21.005Z,0.32
2022-03-19T16:48:17.421Z,0.29
2022-03-19T17:03:21.756Z,0.25
2022-03-19T17:25:25.871Z,0.22
2022-03-19T17:42:07.779Z,0.15
2022-03-19T18:03:10.425Z,0.15
2022-03-19T18:27:41.134Z,0.15
2022-03-19T18:44:23.976Z,0.15
2022-03-19T19:02:49.702Z,0.15
2022-03-19T19:22:56.683Z,0.15
2022-03-19T19:42:06.020Z,0.15
2022-03-19T20:02:53.866Z,0.15
2022-03-19T20:25:46.638Z,0.15
2022-03-19T20:42:09.199Z,0.15
2022-03-19T21:02:54.637Z,0.15
2022-03-19T21:24:25.147Z,0.15
2022-03-19T21:42:06.010Z,0.15
2022-03-19T22:03:05.141Z,0.15
2022-03-19T22:25:24.384Z,0.15
2022-03-19T22:42:05.663Z,0.15
2022-03-19T23:03:07.232Z,0.15
2022-03-19T23:25:38.155Z,0
2022-03-19T23:42:21.299Z,0
2022-03-20T07:02:51.572Z,0
2022-03-20T07:24:47.103Z,0
2022-03-20T07:43:13.349Z,0
2022-03-20T08:03:03.857Z,0
2022-03-20T08:27:13.242Z,0.05
2022-03-20T08:43:23.576Z,0.1
2022-03-20T09:03:32.656Z,0.16
2022-03-20T09:25:43.808Z,0.21
2022-03-20T09:42:22.037Z,0.25
2022-03-20T10:03:07.635Z,0.3
2022-03-20T10:26:41.762Z,0.3
2022-03-20T10:42:44.829Z,0.29
2022-03-20T11:02:59.759Z,0.26
2022-03-20T11:24:32.434Z,0.24
2022-03-20T11:42:35.932Z,0.26
2022-03-20T12:03:41.172Z,0.22
2022-03-20T12:29:49.668Z,0.22
2022-03-20T12:53:38.008Z,0.22
2022-03-20T13:08:25.188Z,0.25
2022-03-20T13:28:20.658Z,0.32
2022-03-20T13:51:20.486Z,0.33
2022-03-20T14:03:12.135Z,0.37
2022-03-20T14:25:09.515Z,0.39
2022-03-20T14:42:19.373Z,0.42
2022-03-20T15:03:09.091Z,0.41
2022-03-20T15:26:56.442Z,0.39
2022-03-20T15:53:21.570Z,0.39
2022-03-20T16:03:00.369Z,0.39
2022-03-20T16:29:41.786Z,0.37
2022-03-20T16:53:09.956Z,0.33
2022-03-20T17:03:11.714Z,0.3
2022-03-20T17:26:37.505Z,0.29
2022-03-20T17:42:08.069Z,0.27
2022-03-20T18:03:14.294Z,0.25
2022-03-20T18:28:17.353Z,0.25
2022-03-20T18:45:26.626Z,0.25
2022-03-20T19:03:03.443Z,0.25
2022-03-20T19:23:08.825Z,0.25
2022-03-20T19:43:28.377Z,0.25
2022-03-20T20:02:57.633Z,0.25
2022-03-20T20:25:57.052Z,0.25
2022-03-20T20:42:09.698Z,0.25
2022-03-20T21:03:08.429Z,0.25
2022-03-20T21:25:04.077Z,0.25
2022-03-20T21:42:25.247Z,0.25
2022-03-20T22:03:26.671Z,0.25
2022-03-20T22:25:56.281Z,0.25
2022-03-20T22:42:08.436Z,0.25
2022-03-20T23:03:01.670Z,0.25
2022-03-20T23:25:18.400Z,0
2022-03-20T23:42:10.072Z,0
2022-03-21T07:03:03.501Z,0
2022-03-21T07:25:18.361Z,0
2022-03-21T07:42:15.797Z,0
2022-03-21T08:03:52.625Z,0
2022-03-21T08:29:32.188Z,0
2022-03-21T08:44:43.719Z,0.02
2022-03-21T09:03:07.714Z,0.02
2022-03-21T09:25:54.073Z,0.08
2022-03-21T09:43:00.237Z,0.09
2022-03-21T10:06:10.566Z,0.09
2022-03-21T10:27:48.523Z,0.09
2022-03-21T10:48:42.555Z,0.09
2022-03-21T11:03:06.401Z,0.08
2022-03-21T11:24:53.648Z,0.09
2022-03-21T11:42:18.132Z,0.1
2022-03-21T12:03:57.784Z,0.1
2022-03-21T12:29:57.918Z,0.1
2022-03-21T12:51:40.645Z,0.12
2022-03-21T13:08:22.186Z,0.14
2022-03-21T13:28:44.645Z,0.15
2022-03-21T13:52:24.371Z,0.16
2022-03-21T14:03:42.050Z,0
2022-03-21T14:25:05.512Z,0.13
2022-03-21T14:42:13.984Z,0.12
2022-03-21T15:03:52.231Z,0.15
2022-03-21T15:29:57.029Z,0.17
2022-03-21T15:44:24.742Z,0.23
2022-03-21T16:03:08.113Z,0.25
2022-03-21T16:37:30.436Z,0.34
2022-03-21T16:50:16.666Z,0.37
2022-03-21T17:05:03.564Z,0.47
2022-03-21T17:25:54.287Z,0.57
2022-03-21T17:42:44.397Z,0.57
2022-03-21T18:03:12.255Z,0.63
2022-03-21T18:28:31.244Z,0.65
2022-03-21T18:44:59.578Z,0.65
2022-03-21T19:02:59.496Z,0.66
2022-03-21T19:23:25.548Z,0.65
2022-03-21T19:42:29.780Z,0.55
2022-03-21T20:02:57.991Z,0.49
2022-03-21T20:26:28.924Z,0.39
2022-03-21T20:43:12.665Z,0.34
2022-03-21T21:02:54.009Z,0.25
2022-03-21T21:24:21.185Z,0.2
2022-03-21T21:42:03.879Z,0.19
2022-03-21T22:03:13.411Z,0.19
2022-03-21T22:26:10.169Z,0.19
2022-03-21T22:42:45.870Z,0.19
2022-03-21T23:03:29.957Z,0.19
2022-03-21T23:25:58.435Z,0
2022-03-21T23:42:39.437Z,0
2022-03-22T07:03:05.561Z,0
2022-03-22T07:25:21.869Z,0
2022-03-22T07:42:08.671Z,0
2022-03-22T08:03:37.547Z,0
2022-03-22T08:28:35.181Z,0
2022-03-22T08:43:47.977Z,0
2022-03-22T09:03:11.353Z,0
2022-03-22T09:25:53.763Z,0.02
2022-03-22T09:42:48.419Z,0.04
2022-03-22T10:03:19.305Z,0.06
2022-03-22T10:27:26.190Z,0.07
2022-03-22T10:45:25.886Z,0.08
2022-03-22T11:12:26.142Z,0.08
2022-03-22T11:29:04.824Z,0.08
2022-03-22T11:43:16.629Z,0.08
2022-03-22T12:03:36.952Z,0.06
2022-03-22T12:30:17.232Z,0.05
2022-03-22T12:52:33.711Z,0.07
2022-03-22T13:07:57.181Z,0.07
2022-03-22T13:32:01.524Z,0.07
2022-03-22T13:43:05.635Z,0.08
2022-03-22T14:03:01.675Z,0.08
2022-03-22T14:24:52.024Z,0.07
2022-03-22T14:42:09.701Z,0.1
2022-03-22T15:03:29.211Z,0.12
2022-03-22T15:36:18.382Z,0.18
2022-03-22T16:33:47.981Z,0.29
2022-03-22T16:52:53.896Z,0.39
2022-03-22T17:07:42.923Z,0.43
2022-03-22T17:28:00.685Z,0.48
2022-03-22T17:53:27.704Z,0.59
2022-03-22T18:04:01.177Z,0.6
2022-03-22T18:28:07.746Z,0.59
2022-03-22T18:44:49.993Z,0.58
2022-03-22T19:03:39.375Z,0.57
2022-03-22T19:23:26.798Z,0.5
2022-03-22T19:43:55.373Z,0.44
2022-03-22T20:02:58.791Z,0.4
2022-03-22T20:26:20.339Z,0.33
2022-03-22T20:42:34.620Z,0.3
2022-03-22T21:03:09.488Z,0.26
2022-03-22T21:25:04.490Z,0.22
2022-03-22T21:42:23.843Z,0.15
2022-03-22T22:09:36.989Z,0.14
2022-03-22T22:25:49.412Z,0.14
2022-03-22T22:42:21.533Z,0.14
2022-03-22T23:02:58.191Z,0.14
2022-03-22T23:26:06.898Z,0
2022-03-22T23:42:33.083Z,0
2022-03-23T07:03:26.674Z,0.01
2022-03-23T07:25:25.474Z,0.02
2022-03-23T07:42:22.552Z,0.04
2022-03-23T08:03:30.137Z,0.05
2022-03-23T08:28:31.947Z,0.05
2022-03-23T08:44:07.821Z,0.07
2022-03-23T09:02:55.659Z,0.1
2022-03-23T09:25:57.136Z,0.1
2022-03-23T09:42:40.123Z,0.1
2022-03-23T10:03:33.200Z,0.1
2022-03-23T10:27:56.518Z,0.09
2022-03-23T10:44:05.842Z,0.09
2022-03-23T11:03:09.424Z,0.09
2022-03-23T11:26:00.831Z,0.09
2022-03-23T11:42:47.528Z,0.09
2022-03-23T12:03:49.059Z,0.12
2022-03-23T12:30:40.277Z,0.15
2022-03-23T12:52:06.819Z,0.17
2022-03-23T13:08:37.664Z,0.19
2022-03-23T13:29:15.301Z,0.21
2022-03-23T13:43:41.573Z,0.23
2022-03-23T14:04:21.891Z,0.27
2022-03-23T14:25:08.847Z,0.28
2022-03-23T15:03:06.266Z,0.3
2022-03-23T15:27:00.651Z,0.35
2022-03-23T15:44:24.130Z,0.34
2022-03-23T16:03:04.082Z,0.38
2022-03-23T16:29:39.059Z,0.45
2022-03-23T16:49:28.569Z,0.61
2022-03-23T17:04:38.796Z,0.68
2022-03-23T17:26:28.522Z,0.77
2022-03-23T17:42:34.226Z,0.84
